package_path,java_files,lines_of_code
main:org.apache.lucene.gradle,5,1147
main:org.apache.lucene.gradle.datasets,2,182
main:org.apache.lucene.gradle.plugins,1,95
main:org.apache.lucene.gradle.scripts,1,476
main:org.apache.lucene.gradle.plugins.documentation,2,540
main:org.apache.lucene.gradle.plugins.eclint,1,90
main:org.apache.lucene.gradle.plugins.gitgrep,1,125
main:org.apache.lucene.gradle.plugins.gitinfo,5,372
main:org.apache.lucene.gradle.plugins.globals,3,394
main:org.apache.lucene.gradle.plugins.hacks,4,677
main:org.apache.lucene.gradle.plugins.help,1,106
main:org.apache.lucene.gradle.plugins.ide,2,380
main:org.apache.lucene.gradle.plugins.java,25,6599
main:org.apache.lucene.gradle.plugins.licenses,6,1030
main:org.apache.lucene.gradle.plugins.misc,10,1284
main:org.apache.lucene.gradle.plugins.mrjar,3,558
main:org.apache.lucene.gradle.plugins.publishing,1,445
main:org.apache.lucene.gradle.plugins.regenerate,4,793
main:org.apache.lucene.gradle.plugins.spotless,6,898
missing-doclet:java,1,23
missing-doclet:java.org.apache.lucene.missingdoclet,2,497
common:java,1,285
common:tools.java.org.apache.lucene.analysis.standard,1,322
common:test.org.apache.lucene.collation,2,216
common:test.org.apache.lucene.analysis.ar,4,429
common:test.org.apache.lucene.analysis.bg,3,362
common:test.org.apache.lucene.analysis.bn,4,311
common:test.org.apache.lucene.analysis.boost,1,91
common:test.org.apache.lucene.analysis.br,2,236
common:test.org.apache.lucene.analysis.ca,1,66
common:test.org.apache.lucene.analysis.charfilter,4,1406
common:test.org.apache.lucene.analysis.cjk,7,990
common:test.org.apache.lucene.analysis.ckb,5,399
common:test.org.apache.lucene.analysis.classic,2,432
common:test.org.apache.lucene.analysis.commongrams,3,570
common:test.org.apache.lucene.analysis.compound,3,910
common:test.org.apache.lucene.analysis.core,15,2614
common:test.org.apache.lucene.analysis.custom,1,624
common:test.org.apache.lucene.analysis.cz,3,407
common:test.org.apache.lucene.analysis.da,1,56
common:test.org.apache.lucene.analysis.de,9,630
common:test.org.apache.lucene.analysis.el,4,721
common:test.org.apache.lucene.analysis.email,3,1737
common:test.org.apache.lucene.analysis.en,7,467
common:test.org.apache.lucene.analysis.es,7,429
common:test.org.apache.lucene.analysis.et,1,57
common:test.org.apache.lucene.analysis.eu,1,56
common:test.org.apache.lucene.analysis.fa,5,529
common:test.org.apache.lucene.analysis.fi,3,193
common:test.org.apache.lucene.analysis.fr,5,563
common:test.org.apache.lucene.analysis.ga,3,165
common:test.org.apache.lucene.analysis.gl,5,306
common:test.org.apache.lucene.analysis.hi,4,301
common:test.org.apache.lucene.analysis.hu,3,185
common:test.org.apache.lucene.analysis.hunspell,47,3606
common:test.org.apache.lucene.analysis.hy,1,56
common:test.org.apache.lucene.analysis.id,3,270
common:test.org.apache.lucene.analysis.in,1,61
common:test.org.apache.lucene.analysis.it,3,180
common:test.org.apache.lucene.analysis.lt,2,527
common:test.org.apache.lucene.analysis.lv,3,387
common:test.org.apache.lucene.analysis.minhash,1,372
common:test.org.apache.lucene.analysis.miscellaneous,55,9627
common:test.org.apache.lucene.analysis.ne,1,76
common:test.org.apache.lucene.analysis.ngram,5,1252
common:test.org.apache.lucene.analysis.nl,1,175
common:test.org.apache.lucene.analysis.no,7,566
common:test.org.apache.lucene.analysis.path,2,537
common:test.org.apache.lucene.analysis.pattern,11,2013
common:test.org.apache.lucene.analysis.payloads,5,446
common:test.org.apache.lucene.analysis.pt,7,623
common:test.org.apache.lucene.analysis.query,1,167
common:test.org.apache.lucene.analysis.reverse,2,162
common:test.org.apache.lucene.analysis.ro,2,135
common:test.org.apache.lucene.analysis.ru,3,196
common:test.org.apache.lucene.analysis.shingle,4,2542
common:test.org.apache.lucene.analysis.sinks,1,273
common:test.org.apache.lucene.analysis.snowball,2,219
common:test.org.apache.lucene.analysis.sr,4,272
common:test.org.apache.lucene.analysis.sv,4,282
common:test.org.apache.lucene.analysis.synonym,7,3628
common:test.org.apache.lucene.analysis.ta,1,67
common:test.org.apache.lucene.analysis.te,4,267
common:test.org.apache.lucene.analysis.th,9,857
common:test.org.apache.lucene.analysis.tr,5,269
common:test.org.apache.lucene.analysis.util,8,1054
common:test.org.apache.lucene.analysis.wikipedia,2,662
common:test.org.apache.lucene.analysis.synonym.word2vec,4,542
common:test.org.apache.lucene.analysis.compound.hyphenation,1,53
common:java.org.tartarus.snowball,5,661
common:java.org.tartarus.snowball.ext,34,27379
common:java.org.apache.lucene.collation,4,381
common:java.org.apache.lucene.collation.tokenattributes,2,70
common:java.org.apache.lucene.analysis.ar,8,648
common:java.org.apache.lucene.analysis.bg,5,401
common:java.org.apache.lucene.analysis.bn,8,698
common:java.org.apache.lucene.analysis.boost,3,147
common:java.org.apache.lucene.analysis.br,5,1419
common:java.org.apache.lucene.analysis.ca,2,158
common:java.org.apache.lucene.analysis.charfilter,7,7600
common:java.org.apache.lucene.analysis.cjk,8,985
common:java.org.apache.lucene.analysis.ckb,8,602
common:java.org.apache.lucene.analysis.classic,7,1351
common:java.org.apache.lucene.analysis.commongrams,5,447
common:java.org.apache.lucene.analysis.compound,6,968
common:java.org.apache.lucene.analysis.core,26,2104
common:java.org.apache.lucene.analysis.custom,2,715
common:java.org.apache.lucene.analysis.cz,5,422
common:java.org.apache.lucene.analysis.da,2,145
common:java.org.apache.lucene.analysis.de,13,1179
common:java.org.apache.lucene.analysis.el,7,1388
common:java.org.apache.lucene.analysis.email,5,34437
common:java.org.apache.lucene.analysis.en,22,9084
common:java.org.apache.lucene.analysis.es,11,982
common:java.org.apache.lucene.analysis.et,2,142
common:java.org.apache.lucene.analysis.eu,2,146
common:java.org.apache.lucene.analysis.fa,10,702
common:java.org.apache.lucene.analysis.fi,5,495
common:java.org.apache.lucene.analysis.fr,8,731
common:java.org.apache.lucene.analysis.ga,4,308
common:java.org.apache.lucene.analysis.gl,8,501
common:java.org.apache.lucene.analysis.hi,8,673
common:java.org.apache.lucene.analysis.hu,5,503
common:java.org.apache.lucene.analysis.hunspell,36,7835
common:java.org.apache.lucene.analysis.hy,2,146
common:java.org.apache.lucene.analysis.id,5,540
common:java.org.apache.lucene.analysis.in,4,426
common:java.org.apache.lucene.analysis.it,5,389
common:java.org.apache.lucene.analysis.lt,2,146
common:java.org.apache.lucene.analysis.lv,5,438
common:java.org.apache.lucene.analysis.minhash,3,600
common:java.org.apache.lucene.analysis.miscellaneous,65,9890
common:java.org.apache.lucene.analysis.morph,16,2614
common:java.org.apache.lucene.analysis.ne,2,159
common:java.org.apache.lucene.analysis.ngram,9,897
common:java.org.apache.lucene.analysis.nl,2,183
common:java.org.apache.lucene.analysis.no,10,839
common:java.org.apache.lucene.analysis.path,4,511
common:java.org.apache.lucene.analysis.pattern,15,1788
common:java.org.apache.lucene.analysis.payloads,15,764
common:java.org.apache.lucene.analysis.pt,12,1200
common:java.org.apache.lucene.analysis.query,2,215
common:java.org.apache.lucene.analysis.reverse,3,263
common:java.org.apache.lucene.analysis.ro,5,314
common:java.org.apache.lucene.analysis.ru,5,405
common:java.org.apache.lucene.analysis.shingle,6,1085
common:java.org.apache.lucene.analysis.sinks,2,187
common:java.org.apache.lucene.analysis.snowball,3,249
common:java.org.apache.lucene.analysis.sr,5,561
common:java.org.apache.lucene.analysis.sv,8,573
common:java.org.apache.lucene.analysis.synonym,8,2385
common:java.org.apache.lucene.analysis.ta,2,158
common:java.org.apache.lucene.analysis.te,8,560
common:java.org.apache.lucene.analysis.th,11,1235
common:java.org.apache.lucene.analysis.tr,6,442
common:java.org.apache.lucene.analysis.util,12,1521
common:java.org.apache.lucene.analysis.wikipedia,4,1775
common:java.org.apache.lucene.analysis.synonym.word2vec,8,653
common:java.org.apache.lucene.analysis.compound.hyphenation,9,1813
icu:java,1,40
icu:tools.java.org.apache.lucene.analysis.icu,2,369
icu:test.org.apache.lucene.analysis.icu,10,1509
icu:test.org.apache.lucene.analysis.icu.segmentation,6,1452
icu:java.org.apache.lucene.analysis.icu,12,1172
icu:java.org.apache.lucene.analysis.icu.segmentation,9,1166
icu:java.org.apache.lucene.analysis.icu.tokenattributes,4,220
kuromoji:java,1,46
kuromoji:test.org.apache.lucene.analysis.ja,24,3736
kuromoji:test.org.apache.lucene.analysis.ja.completion,1,65
kuromoji:test.org.apache.lucene.analysis.ja.dict,5,732
kuromoji:java.org.apache.lucene.analysis.ja,26,4096
kuromoji:java.org.apache.lucene.analysis.ja.completion,3,294
kuromoji:java.org.apache.lucene.analysis.ja.dict,20,3146
kuromoji:java.org.apache.lucene.analysis.ja.tokenattributes,9,383
morfologik:java,1,35
morfologik:test.org.apache.lucene.analysis.morfologik,2,281
morfologik:test.org.apache.lucene.analysis.uk,1,110
morfologik:java.org.apache.lucene.analysis.morfologik,6,515
morfologik:java.org.apache.lucene.analysis.uk,2,197
morfologik.tests:test,1,27
morfologik.tests:test.org.apache.lucene.analysis.morfologik.tests,1,43
nori:java,1,35
nori:test.org.apache.lucene.analysis.ko,9,1640
nori:test.org.apache.lucene.analysis.ko.dict,4,458
nori:java.org.apache.lucene.analysis.ko,17,2594
nori:java.org.apache.lucene.analysis.ko.dict,19,1747
nori:java.org.apache.lucene.analysis.ko.tokenattributes,5,262
opennlp:java,1,34
opennlp:test.org.apache.lucene.analysis.opennlp,5,1030
opennlp:java.org.apache.lucene.analysis.opennlp,11,1096
opennlp:java.org.apache.lucene.analysis.opennlp.tools,8,514
phonetic:java,1,32
phonetic:test.org.apache.lucene.analysis.phonetic,8,1004
phonetic:java.org.apache.lucene.analysis.phonetic,9,871
smartcn:java,1,31
smartcn:test.org.apache.lucene.analysis.cn.smart,2,332
smartcn:java.org.apache.lucene.analysis.cn.smart,9,748
smartcn:java.org.apache.lucene.analysis.cn.smart.hhmm,11,1863
stempel:java,1,32
stempel:test.org.egothor.stemmer,2,329
stempel:test.org.apache.lucene.analysis.pl,2,121
stempel:test.org.apache.lucene.analysis.stempel,1,50
stempel:java.org.egothor.stemmer,14,2653
stempel:java.org.apache.lucene.analysis.pl,3,264
stempel:java.org.apache.lucene.analysis.stempel,4,246
analysis.tests:test,1,39
analysis.tests:test.org.apache.lucene.analysis.tests,4,1631
backward-codecs:java,1,69
backward-codecs:test.org.apache.lucene.backward_index,12,2984
backward-codecs:test.org.apache.lucene.backward_codecs.compressing,4,230
backward-codecs:test.org.apache.lucene.backward_codecs.lucene101,8,1356
backward-codecs:test.org.apache.lucene.backward_codecs.lucene102,6,1303
backward-codecs:test.org.apache.lucene.backward_codecs.lucene103,7,1314
backward-codecs:test.org.apache.lucene.backward_codecs.lucene90,10,1346
backward-codecs:test.org.apache.lucene.backward_codecs.lucene91,5,830
backward-codecs:test.org.apache.lucene.backward_codecs.lucene912,7,1248
backward-codecs:test.org.apache.lucene.backward_codecs.lucene92,4,549
backward-codecs:test.org.apache.lucene.backward_codecs.lucene94,4,900
backward-codecs:test.org.apache.lucene.backward_codecs.lucene95,4,949
backward-codecs:test.org.apache.lucene.backward_codecs.lucene99,16,3742
backward-codecs:test.org.apache.lucene.backward_codecs.packed,3,605
backward-codecs:test.org.apache.lucene.backward_codecs.store,4,372
backward-codecs:test.org.apache.lucene.backward_codecs.lucene90.blocktree,2,1297
backward-codecs:java.org.apache.lucene.backward_codecs,2,42
backward-codecs:java.org.apache.lucene.backward_codecs.compressing,5,473
backward-codecs:java.org.apache.lucene.backward_codecs.lucene100,2,237
backward-codecs:java.org.apache.lucene.backward_codecs.lucene101,9,3438
backward-codecs:java.org.apache.lucene.backward_codecs.lucene102,7,1729
backward-codecs:java.org.apache.lucene.backward_codecs.lucene103,9,3809
backward-codecs:java.org.apache.lucene.backward_codecs.lucene80,5,3739
backward-codecs:java.org.apache.lucene.backward_codecs.lucene90,18,7198
backward-codecs:java.org.apache.lucene.backward_codecs.lucene91,7,1763
backward-codecs:java.org.apache.lucene.backward_codecs.lucene912,8,4192
backward-codecs:java.org.apache.lucene.backward_codecs.lucene92,5,1583
backward-codecs:java.org.apache.lucene.backward_codecs.lucene94,6,1938
backward-codecs:java.org.apache.lucene.backward_codecs.lucene95,4,1439
backward-codecs:java.org.apache.lucene.backward_codecs.lucene99,16,6922
backward-codecs:java.org.apache.lucene.backward_codecs.packed,8,1548
backward-codecs:java.org.apache.lucene.backward_codecs.store,8,647
backward-codecs:java.org.apache.lucene.backward_codecs.lucene90.blocktree,9,4005
benchmark:java,1,43
benchmark:test.org.apache.lucene.benchmark,1,102
benchmark:test.org.apache.lucene.benchmark.byTask,2,1174
benchmark:test.org.apache.lucene.benchmark.quality,1,212
benchmark:test.org.apache.lucene.benchmark.byTask.feeds,5,1171
benchmark:test.org.apache.lucene.benchmark.byTask.tasks,8,925
benchmark:test.org.apache.lucene.benchmark.byTask.utils,2,165
benchmark:test.org.apache.lucene.benchmark.byTask.tasks.alt,2,83
benchmark:java.org.apache.lucene.benchmark,2,71
benchmark:java.org.apache.lucene.benchmark.byTask,3,1171
benchmark:java.org.apache.lucene.benchmark.quality,6,702
benchmark:java.org.apache.lucene.benchmark.utils,2,172
benchmark:java.org.apache.lucene.benchmark.quality.trec,5,517
benchmark:java.org.apache.lucene.benchmark.quality.utils,5,413
benchmark:java.org.apache.lucene.benchmark.byTask.feeds,36,4823
benchmark:java.org.apache.lucene.benchmark.byTask.programmatic,2,108
benchmark:java.org.apache.lucene.benchmark.byTask.stats,4,376
benchmark:java.org.apache.lucene.benchmark.byTask.tasks,56,5873
benchmark:java.org.apache.lucene.benchmark.byTask.utils,6,1191
benchmark-jmh:java,1,34
benchmark-jmh:test.org.apache.lucene.benchmark.jmh,2,192
benchmark-jmh:java.org.apache.lucene.benchmark.jmh,41,8831
benchmark-jmh:java.org.apache.lucene.benchmark.jmh.jmh_generated,1,20
classification:java,1,27
classification:test.org.apache.lucene.classification,8,1684
classification:test.org.apache.lucene.classification.document,3,617
classification:test.org.apache.lucene.classification.utils,3,471
classification:java.org.apache.lucene.classification,9,1651
classification:java.org.apache.lucene.classification.document,4,519
classification:java.org.apache.lucene.classification.utils,5,987
codecs:java,1,44
codecs:test.org.apache.lucene.codecs.bitvectors,1,125
codecs:test.org.apache.lucene.codecs.blockterms,3,102
codecs:test.org.apache.lucene.codecs.blocktreeords,1,397
codecs:test.org.apache.lucene.codecs.bloom,1,32
codecs:test.org.apache.lucene.codecs.memory,2,68
codecs:test.org.apache.lucene.codecs.simpletext,11,462
codecs:test.org.apache.lucene.codecs.uniformsplit,5,782
codecs:test.org.apache.lucene.codecs.uniformsplit.sharedterms,2,406
codecs:test.org.apache.lucene.codecs.lucene90.tests,1,28
codecs:java.org.apache.lucene.codecs.bitvectors,3,372
codecs:java.org.apache.lucene.codecs.blockterms,9,2430
codecs:java.org.apache.lucene.codecs.blocktreeords,10,4720
codecs:java.org.apache.lucene.codecs.bloom,5,913
codecs:java.org.apache.lucene.codecs.memory,6,3722
codecs:java.org.apache.lucene.codecs.simpletext,30,9721
codecs:java.org.apache.lucene.codecs.uniformsplit,18,4145
codecs:java.org.apache.lucene.codecs.uniformsplit.sharedterms,13,2005
core:java,1,107
core:test.org.apache.lucene,6,788
core:test.org.apache.lucene.analysis,17,2875
core:test.org.apache.lucene.codecs,5,1099
core:test.org.apache.lucene.document,62,12011
core:test.org.apache.lucene.geo,17,4165
core:test.org.apache.lucene.index,215,82409
core:test.org.apache.lucene.search,194,72557
core:test.org.apache.lucene.store,29,4146
core:test.org.apache.lucene.util,68,13839
core:test.org.apache.lucene.util.automaton,16,5857
core:test.org.apache.lucene.util.bkd,8,3360
core:test.org.apache.lucene.util.compress,5,712
core:test.org.apache.lucene.util.fst,8,3334
core:test.org.apache.lucene.util.graph,1,687
core:test.org.apache.lucene.util.hnsw,13,4002
core:test.org.apache.lucene.util.mutable,1,292
core:test.org.apache.lucene.util.packed,3,1864
core:test.org.apache.lucene.util.quantization,3,976
core:test.org.apache.lucene.search.comparators,3,620
core:test.org.apache.lucene.search.similarities,29,2748
core:test.org.apache.lucene.internal.hppc,15,8300
core:test.org.apache.lucene.internal.tests,1,42
core:test.org.apache.lucene.internal.vectorization,5,1027
core:test.org.apache.lucene.document.column,7,5213
core:test.org.apache.lucene.codecs.compressing,6,299
core:test.org.apache.lucene.codecs.hnsw,2,460
core:test.org.apache.lucene.codecs.lucene104,8,2644
core:test.org.apache.lucene.codecs.lucene90,15,3299
core:test.org.apache.lucene.codecs.lucene94,1,40
core:test.org.apache.lucene.codecs.lucene95,1,230
core:test.org.apache.lucene.codecs.lucene99,6,1478
core:test.org.apache.lucene.codecs.perfield,4,1111
core:test.org.apache.lucene.codecs.lucene90.compressing,3,486
core:test.org.apache.lucene.codecs.lucene103.blocktree,1,231
core:test.org.apache.lucene.analysis.standard,2,804
core:test.org.apache.lucene.analysis.tokenattributes,4,592
core:java25.org.apache.lucene.internal.vectorization,15,4711
core:java.org.apache.lucene,1,19
core:java.org.apache.lucene.analysis,27,5897
core:java.org.apache.lucene.codecs,42,7502
core:java.org.apache.lucene.document,93,21168
core:java.org.apache.lucene.geo,28,8023
core:java.org.apache.lucene.index,210,66919
core:java.org.apache.lucene.search,226,45978
core:java.org.apache.lucene.store,64,10012
core:java.org.apache.lucene.util,121,24296
core:java.org.apache.lucene.util.automaton,29,9088
core:java.org.apache.lucene.util.bkd,15,5703
core:java.org.apache.lucene.util.compress,3,774
core:java.org.apache.lucene.util.fst,25,6869
core:java.org.apache.lucene.util.graph,2,313
core:java.org.apache.lucene.util.hnsw,28,5582
core:java.org.apache.lucene.util.mutable,9,553
core:java.org.apache.lucene.util.packed,53,9962
core:java.org.apache.lucene.util.quantization,8,1760
core:java.org.apache.lucene.search.comparators,9,2053
core:java.org.apache.lucene.search.knn,4,342
core:java.org.apache.lucene.search.similarities,49,5598
core:java.org.apache.lucene.internal.hppc,26,11602
core:java.org.apache.lucene.internal.tests,7,377
core:java.org.apache.lucene.internal.vectorization,10,1392
core:java.org.apache.lucene.document.column,16,1709
core:java.org.apache.lucene.codecs.compressing,5,486
core:java.org.apache.lucene.codecs.hnsw,11,1297
core:java.org.apache.lucene.codecs.lucene104,18,8257
core:java.org.apache.lucene.codecs.lucene90,18,7657
core:java.org.apache.lucene.codecs.lucene94,2,499
core:java.org.apache.lucene.codecs.lucene95,6,1302
core:java.org.apache.lucene.codecs.lucene99,9,3643
core:java.org.apache.lucene.codecs.perfield,5,1468
core:java.org.apache.lucene.codecs.lucene90.compressing,11,4882
core:java.org.apache.lucene.codecs.lucene103.blocktree,12,5828
core:java.org.apache.lucene.analysis.standard,5,1505
core:java.org.apache.lucene.analysis.tokenattributes,25,1960
core.tests:java,1,24
core.tests:test,1,30
core.tests:test.org.apache.lucene.core.testresources,1,19
core.tests:test.org.apache.lucene.core.tests,3,220
core.tests:java.org.apache.lucene.core.tests.main,2,42
demo:java,1,31
demo:test.org.apache.lucene.demo,1,117
demo:test.org.apache.lucene.demo.facet,9,414
demo:test.org.apache.lucene.demo.knn,2,118
demo:java.org.apache.lucene.demo,3,630
demo:java.org.apache.lucene.demo.facet,12,3340
demo:java.org.apache.lucene.demo.knn,4,415
distribution.tests:test.org.apache.lucene.distribution,4,766
expressions:java,1,26
expressions:test.org.apache.lucene.expressions,6,1192
expressions:test.org.apache.lucene.expressions.js,8,1582
expressions:java.org.apache.lucene.expressions,8,724
expressions:java.org.apache.lucene.expressions.js,11,3349
facet:java,1,30
facet:test.org.apache.lucene.facet,15,6079
facet:test.org.apache.lucene.facet.facetset,3,1168
facet:test.org.apache.lucene.facet.range,2,2196
facet:test.org.apache.lucene.facet.rangeonrange,1,1574
facet:test.org.apache.lucene.facet.sortedset,1,1880
facet:test.org.apache.lucene.facet.taxonomy,11,5312
facet:test.org.apache.lucene.facet.taxonomy.directory,6,2117
facet:test.org.apache.lucene.facet.taxonomy.writercache,3,193
facet:java.org.apache.lucene.facet,28,6051
facet:java.org.apache.lucene.facet.facetset,13,957
facet:java.org.apache.lucene.facet.range,11,2633
facet:java.org.apache.lucene.facet.rangeonrange,7,701
facet:java.org.apache.lucene.facet.sortedset,7,1754
facet:java.org.apache.lucene.facet.taxonomy,21,3373
facet:java.org.apache.lucene.facet.taxonomy.directory,6,2090
facet:java.org.apache.lucene.facet.taxonomy.writercache,7,639
grouping:java,1,24
grouping:test.org.apache.lucene.search.grouping,16,5513
grouping:java.org.apache.lucene.search.grouping,31,5349
highlighter:java,1,28
highlighter:test.org.apache.lucene.search.highlight,5,3645
highlighter:test.org.apache.lucene.search.matchhighlight,7,2296
highlighter:test.org.apache.lucene.search.uhighlight,13,6407
highlighter:test.org.apache.lucene.search.vectorhighlight,13,4178
highlighter:test.org.apache.lucene.search.uhighlight.visibility,1,311
highlighter:test.org.apache.lucene.search.highlight.custom,1,214
highlighter:java.org.apache.lucene.search.highlight,29,3915
highlighter:java.org.apache.lucene.search.matchhighlight,17,2412
highlighter:java.org.apache.lucene.search.uhighlight,28,5432
highlighter:java.org.apache.lucene.search.vectorhighlight,20,3166
join:java,1,23
join:test.org.apache.lucene.search.join,17,8283
join:java.org.apache.lucene.search.join,32,7419
luke:java,1,27
luke:test.org.apache.lucene.luke.models.analysis,1,171
luke:test.org.apache.lucene.luke.models.commits,1,192
luke:test.org.apache.lucene.luke.models.documents,4,673
luke:test.org.apache.lucene.luke.models.overview,4,325
luke:test.org.apache.lucene.luke.models.search,1,368
luke:test.org.apache.lucene.luke.app.desktop.util,1,35
luke:test.org.apache.lucene.luke.app.desktop.util.inifile,1,108
luke:java.org.apache.lucene.luke,1,19
luke:java.org.apache.lucene.luke.app,8,478
luke:java.org.apache.lucene.luke.models,3,122
luke:java.org.apache.lucene.luke.util,5,268
luke:java.org.apache.lucene.luke.models.analysis,5,714
luke:java.org.apache.lucene.luke.models.commits,7,581
luke:java.org.apache.lucene.luke.models.documents,10,1317
luke:java.org.apache.lucene.luke.models.overview,8,578
luke:java.org.apache.lucene.luke.models.search,8,1320
luke:java.org.apache.lucene.luke.models.tools,4,384
luke:java.org.apache.lucene.luke.models.util,2,570
luke:java.org.apache.lucene.luke.models.util.twentynewsgroups,3,326
luke:java.org.apache.lucene.luke.app.desktop,6,483
luke:java.org.apache.lucene.luke.app.desktop.components,18,5029
luke:java.org.apache.lucene.luke.app.desktop.util,15,880
luke:java.org.apache.lucene.luke.app.desktop.util.inifile,8,335
luke:java.org.apache.lucene.luke.app.desktop.util.lang,2,43
luke:java.org.apache.lucene.luke.app.desktop.dto.documents,2,164
luke:java.org.apache.lucene.luke.app.desktop.components.dialog,3,244
luke:java.org.apache.lucene.luke.app.desktop.components.fragments,1,19
luke:java.org.apache.lucene.luke.app.desktop.components.fragments.analysis,7,1588
luke:java.org.apache.lucene.luke.app.desktop.components.fragments.search,13,1889
luke:java.org.apache.lucene.luke.app.desktop.components.dialog.analysis,7,1041
luke:java.org.apache.lucene.luke.app.desktop.components.dialog.documents,7,1612
luke:java.org.apache.lucene.luke.app.desktop.components.dialog.menubar,7,1963
luke:java.org.apache.lucene.luke.app.desktop.components.dialog.search,2,204
memory:java,1,23
memory:test.org.apache.lucene.index.memory,3,2132
memory:java.org.apache.lucene.index.memory,2,2571
misc:java,1,29
misc:test.org.apache.lucene.misc,3,581
misc:test.org.apache.lucene.misc.document,1,227
misc:test.org.apache.lucene.misc.index,8,1987
misc:test.org.apache.lucene.misc.search,4,1420
misc:test.org.apache.lucene.misc.store,5,852
misc:test.org.apache.lucene.misc.util,1,47
misc:test.org.apache.lucene.misc.util.fst,1,235
misc:java.org.apache.lucene.misc,7,699
misc:java.org.apache.lucene.misc.document,2,223
misc:java.org.apache.lucene.misc.index,11,3338
misc:java.org.apache.lucene.misc.search,9,1323
misc:java.org.apache.lucene.misc.store,6,1060
misc:java.org.apache.lucene.misc.util,2,44
misc:java.org.apache.lucene.misc.util.fst,3,462
misc:java.org.apache.lucene.misc.search.similarity,1,19
monitor:java,1,25
monitor:test.org.apache.lucene.monitor,36,4221
monitor:test.org.apache.lucene.monitor.outsidepackage,1,61
monitor:java.org.apache.lucene.monitor,40,5387
queries:java,1,30
queries:test.org.apache.lucene.queries,1,554
queries:test.org.apache.lucene.queries.function,14,3557
queries:test.org.apache.lucene.queries.intervals,8,2706
queries:test.org.apache.lucene.queries.mlt,1,613
queries:test.org.apache.lucene.queries.payloads,7,2177
queries:test.org.apache.lucene.queries.spans,28,5204
queries:test.org.apache.lucene.queries.function.docvalues,1,74
queries:java.org.apache.lucene.queries,2,409
queries:java.org.apache.lucene.queries.function,9,2226
queries:java.org.apache.lucene.queries.intervals,44,6878
queries:java.org.apache.lucene.queries.mlt,3,1166
queries:java.org.apache.lucene.queries.payloads,11,1258
queries:java.org.apache.lucene.queries.spans,27,4514
queries:java.org.apache.lucene.queries.function.docvalues,8,946
queries:java.org.apache.lucene.queries.function.valuesource,62,5962
queryparser:java,1,52
queryparser:test.org.apache.lucene.queryparser.classic,4,1810
queryparser:test.org.apache.lucene.queryparser.complexPhrase,1,286
queryparser:test.org.apache.lucene.queryparser.ext,3,235
queryparser:test.org.apache.lucene.queryparser.simple,1,640
queryparser:test.org.apache.lucene.queryparser.util,1,1376
queryparser:test.org.apache.lucene.queryparser.xml,4,495
queryparser:test.org.apache.lucene.queryparser.surround.query,7,864
queryparser:test.org.apache.lucene.queryparser.flexible.messages,2,141
queryparser:test.org.apache.lucene.queryparser.flexible.precedence,1,658
queryparser:test.org.apache.lucene.queryparser.flexible.spans,10,740
queryparser:test.org.apache.lucene.queryparser.flexible.standard,6,2440
queryparser:test.org.apache.lucene.queryparser.flexible.standard.nodes,1,65
queryparser:test.org.apache.lucene.queryparser.flexible.core.builders,1,62
queryparser:test.org.apache.lucene.queryparser.flexible.core.nodes,1,76
queryparser:test.org.apache.lucene.queryparser.flexible.core.util,1,54
queryparser:java.org.apache.lucene.queryparser.charstream,3,252
queryparser:java.org.apache.lucene.queryparser.classic,9,4726
queryparser:java.org.apache.lucene.queryparser.complexPhrase,2,477
queryparser:java.org.apache.lucene.queryparser.ext,5,389
queryparser:java.org.apache.lucene.queryparser.flexible,1,19
queryparser:java.org.apache.lucene.queryparser.simple,2,678
queryparser:java.org.apache.lucene.queryparser.xml,8,640
queryparser:java.org.apache.lucene.queryparser.xml.builders,23,1261
queryparser:java.org.apache.lucene.queryparser.surround.parser,7,2137
queryparser:java.org.apache.lucene.queryparser.surround.query,20,1415
queryparser:java.org.apache.lucene.queryparser.flexible.core,5,538
queryparser:java.org.apache.lucene.queryparser.flexible.messages,5,390
queryparser:java.org.apache.lucene.queryparser.flexible.precedence,2,82
queryparser:java.org.apache.lucene.queryparser.flexible.standard,4,998
queryparser:java.org.apache.lucene.queryparser.flexible.standard.builders,24,1347
queryparser:java.org.apache.lucene.queryparser.flexible.standard.config,8,648
queryparser:java.org.apache.lucene.queryparser.flexible.standard.nodes,13,1055
queryparser:java.org.apache.lucene.queryparser.flexible.standard.parser,8,5635
queryparser:java.org.apache.lucene.queryparser.flexible.standard.processors,21,2322
queryparser:java.org.apache.lucene.queryparser.flexible.standard.nodes.intervalfn,24,1810
queryparser:java.org.apache.lucene.queryparser.flexible.precedence.processors,3,221
queryparser:java.org.apache.lucene.queryparser.flexible.core.builders,3,264
queryparser:java.org.apache.lucene.queryparser.flexible.core.config,6,342
queryparser:java.org.apache.lucene.queryparser.flexible.core.messages,2,81
queryparser:java.org.apache.lucene.queryparser.flexible.core.nodes,28,2599
queryparser:java.org.apache.lucene.queryparser.flexible.core.parser,3,109
queryparser:java.org.apache.lucene.queryparser.flexible.core.processors,6,808
queryparser:java.org.apache.lucene.queryparser.flexible.core.util,4,267
replicator:java,1,24
replicator:test.org.apache.lucene.replicator.nrt,11,5183
replicator:java.org.apache.lucene.replicator.nrt,12,2409
sandbox:java,1,48
sandbox:test.org.apache.lucene.payloads,1,130
sandbox:test.org.apache.lucene.sandbox.document,4,775
sandbox:test.org.apache.lucene.sandbox.facet,6,3788
sandbox:test.org.apache.lucene.sandbox.index,1,118
sandbox:test.org.apache.lucene.sandbox.queries,1,154
sandbox:test.org.apache.lucene.sandbox.search,14,5568
sandbox:test.org.apache.lucene.sandbox.facet.utils,2,1053
sandbox:test.org.apache.lucene.sandbox.facet.plain.histograms,1,303
sandbox:test.org.apache.lucene.sandbox.codecs.dedup,4,1312
sandbox:test.org.apache.lucene.sandbox.codecs.faiss,1,149
sandbox:test.org.apache.lucene.sandbox.codecs.idversion,2,1050
sandbox:test.org.apache.lucene.sandbox.codecs.quantization,1,141
sandbox:java.org.apache.lucene.payloads,3,253
sandbox:java.org.apache.lucene.sandbox.document,9,1576
sandbox:java.org.apache.lucene.sandbox.facet,4,227
sandbox:java.org.apache.lucene.sandbox.index,2,109
sandbox:java.org.apache.lucene.sandbox.queries,2,394
sandbox:java.org.apache.lucene.sandbox.search,30,6648
sandbox:java.org.apache.lucene.sandbox.facet.cutters,5,498
sandbox:java.org.apache.lucene.sandbox.facet.iterators,7,408
sandbox:java.org.apache.lucene.sandbox.facet.labels,5,212
sandbox:java.org.apache.lucene.sandbox.facet.plain,1,24
sandbox:java.org.apache.lucene.sandbox.facet.recorders,7,669
sandbox:java.org.apache.lucene.sandbox.facet.utils,11,1563
sandbox:java.org.apache.lucene.sandbox.facet.plain.histograms,4,804
sandbox:java.org.apache.lucene.sandbox.facet.cutters.ranges,7,1237
sandbox:java.org.apache.lucene.sandbox.codecs.dedup,18,4733
sandbox:java.org.apache.lucene.sandbox.codecs.faiss,7,1617
sandbox:java.org.apache.lucene.sandbox.codecs.idversion,12,3921
sandbox:java.org.apache.lucene.sandbox.codecs.quantization,3,542
spatial-extras:java,1,36
spatial-extras:test.org.apache.lucene.spatial,11,1428
spatial-extras:test.org.apache.lucene.spatial.bbox,1,330
spatial-extras:test.org.apache.lucene.spatial.composite,1,134
spatial-extras:test.org.apache.lucene.spatial.prefix,10,1779
spatial-extras:test.org.apache.lucene.spatial.query,1,77
spatial-extras:test.org.apache.lucene.spatial.serialized,1,56
spatial-extras:test.org.apache.lucene.spatial.spatial4j,6,788
spatial-extras:test.org.apache.lucene.spatial.vector,1,107
spatial-extras:test.org.apache.lucene.spatial.prefix.tree,3,577
spatial-extras:java.org.apache.lucene.spatial,4,235
spatial-extras:java.org.apache.lucene.spatial.bbox,5,1210
spatial-extras:java.org.apache.lucene.spatial.composite,4,558
spatial-extras:java.org.apache.lucene.spatial.prefix,15,2797
spatial-extras:java.org.apache.lucene.spatial.query,5,551
spatial-extras:java.org.apache.lucene.spatial.serialized,2,256
spatial-extras:java.org.apache.lucene.spatial.spatial4j,9,1319
spatial-extras:java.org.apache.lucene.spatial.util,9,837
spatial-extras:java.org.apache.lucene.spatial.vector,3,466
spatial-extras:java.org.apache.lucene.spatial.prefix.tree,19,4145
spatial-test-fixtures:java.org.apache.lucene.spatial3d.tests,2,1125
spatial3d:java,1,24
spatial3d:test.org.apache.lucene.spatial3d,2,2013
spatial3d:test.org.apache.lucene.spatial3d.geom,18,8181
spatial3d:java.org.apache.lucene.spatial3d,10,1766
spatial3d:java.org.apache.lucene.spatial3d.geom,95,27069
suggest:java,1,40
suggest:test.org.apache.lucene.search.spell,8,1796
suggest:test.org.apache.lucene.search.suggest,11,2206
suggest:test.org.apache.lucene.search.suggest.analyzing,7,5636
suggest:test.org.apache.lucene.search.suggest.document,6,2704
suggest:test.org.apache.lucene.search.suggest.fst,3,722
suggest:java.org.apache.lucene.search.spell,19,2910
suggest:java.org.apache.lucene.search.suggest,11,1619
suggest:java.org.apache.lucene.search.suggest.analyzing,9,3752
suggest:java.org.apache.lucene.search.suggest.document,29,3792
suggest:java.org.apache.lucene.search.suggest.fst,7,1524
suggest:java.org.apache.lucene.search.suggest.tst,4,534
test-framework:java,1,83
test-framework:test.org.apache.lucene.tests.analysis,6,988
test-framework:test.org.apache.lucene.tests.index,3,172
test-framework:test.org.apache.lucene.tests.mockfile,9,1078
test-framework:test.org.apache.lucene.tests.search,5,1017
test-framework:test.org.apache.lucene.tests.store,2,315
test-framework:test.org.apache.lucene.tests.util,26,2730
test-framework:test.org.apache.lucene.tests.codecs.asserting,6,190
test-framework:java.org.apache.lucene.tests.analysis,29,5141
test-framework:java.org.apache.lucene.tests.codecs,1,19
test-framework:java.org.apache.lucene.tests.geo,6,4851
test-framework:java.org.apache.lucene.tests.index,40,27105
test-framework:java.org.apache.lucene.tests.mockfile,22,2876
test-framework:java.org.apache.lucene.tests.search,26,5775
test-framework:java.org.apache.lucene.tests.store,13,4583
test-framework:java.org.apache.lucene.tests.util,50,10594
test-framework:java.org.apache.lucene.tests.util.automaton,2,723
test-framework:java.org.apache.lucene.tests.util.fst,2,658
test-framework:java.org.apache.lucene.tests.util.hnsw,1,19
test-framework:java.org.apache.lucene.tests.search.similarities,4,881
test-framework:java.org.apache.lucene.tests.codecs.asserting,10,1899
test-framework:java.org.apache.lucene.tests.codecs.blockterms,4,416
test-framework:java.org.apache.lucene.tests.codecs.bloom,2,100
test-framework:java.org.apache.lucene.tests.codecs.cheapbastard,2,60
test-framework:java.org.apache.lucene.tests.codecs.compressing,7,380
test-framework:java.org.apache.lucene.tests.codecs.cranky,12,1183
test-framework:java.org.apache.lucene.tests.codecs.mockrandom,2,412
test-framework:java.org.apache.lucene.tests.codecs.ramonly,2,611
test-framework:java.org.apache.lucene.tests.codecs.uniformsplit,3,267
test-framework:java.org.apache.lucene.tests.codecs.vector,2,66
test-framework:java.org.apache.lucene.tests.codecs.uniformsplit.sharedterms,2,96
test-framework:java.org.apache.lucene.tests.codecs.compressing.dummy,2,123
test-framework:java.org.apache.lucene.tests.analysis.standard,3,16149
