repository,package_path,java_files,lines_of_code,fan_in,fan_out,total_coupling,instability
R02_common_lang,org.apache.commons.lang3,48,47796,13,10,23,0.43478260869565216
R02_common_lang,org.apache.commons.lang3.arch,2,278,1,0,1,0.0
R02_common_lang,org.apache.commons.lang3.builder,25,10618,6,6,12,0.5
R02_common_lang,org.apache.commons.lang3.compare,3,355,0,1,1,1.0
R02_common_lang,org.apache.commons.lang3.concurrent,28,5414,0,4,4,1.0
R02_common_lang,org.apache.commons.lang3.event,3,539,0,4,4,1.0
R02_common_lang,org.apache.commons.lang3.exception,11,2242,5,4,9,0.4444444444444444
R02_common_lang,org.apache.commons.lang3.function,62,4812,8,2,10,0.2
R02_common_lang,org.apache.commons.lang3.math,4,2982,2,1,3,0.3333333333333333
R02_common_lang,org.apache.commons.lang3.mutable,10,2774,2,1,3,0.3333333333333333
R02_common_lang,org.apache.commons.lang3.reflect,10,4901,3,3,6,0.5
R02_common_lang,org.apache.commons.lang3.stream,4,1177,4,2,6,0.3333333333333333
R02_common_lang,org.apache.commons.lang3.text,11,7809,1,2,3,0.6666666666666666
R02_common_lang,org.apache.commons.lang3.time,18,9364,1,5,6,0.8333333333333334
R02_common_lang,org.apache.commons.lang3.tuple,7,1254,3,2,5,0.4
R02_common_lang,org.apache.commons.lang3.util,3,776,1,1,2,0.5
R02_common_lang,org.apache.commons.lang3.text.translate,13,1645,1,1,2,0.5
R02_common_lang,org.apache.commons.lang3.concurrent.locks,2,732,0,2,2,1.0
