source_package,target_package
teammates.client.scripts.seeddb,teammates.common.datatransfer
teammates.client.scripts.seeddb,teammates.common.exception
teammates.client.scripts.seeddb,teammates.common.util
teammates.client.scripts.seeddb,teammates.logic.api
teammates.client.scripts.seeddb,teammates.logic.core
teammates.client.scripts.seeddb,teammates.storage.entity
teammates.client.scripts.seeddb,teammates.test
teammates.common.datatransfer,teammates.common.datatransfer.participanttypes
teammates.common.datatransfer,teammates.common.exception
teammates.common.datatransfer,teammates.common.util
teammates.common.datatransfer,teammates.storage.entity
teammates.common.datatransfer,teammates.test
teammates.common.datatransfer,teammates.ui.webapi
teammates.common.datatransfer.logs,teammates.common.util
teammates.common.datatransfer.questions,teammates.common.datatransfer.participanttypes
teammates.common.datatransfer.questions,teammates.common.datatransfer.visibility
teammates.common.datatransfer.questions,teammates.common.util
teammates.common.datatransfer.questions,teammates.storage.entity
teammates.common.datatransfer.questions,teammates.storage.entity.questions
teammates.common.datatransfer.questions,teammates.test
teammates.common.datatransfer.statistics,teammates.common.datatransfer.questions
teammates.common.exception,teammates.common.util
teammates.common.util,teammates.common.datatransfer
teammates.common.util,teammates.common.datatransfer.logs
teammates.common.util,teammates.common.datatransfer.participanttypes
teammates.common.util,teammates.common.datatransfer.questions
teammates.common.util,teammates.common.datatransfer.visibility
teammates.common.util,teammates.common.exception
teammates.common.util,teammates.storage.entity
teammates.common.util,teammates.storage.entity.questions
teammates.common.util,teammates.storage.entity.responses
teammates.common.util,teammates.test
teammates.common.util,teammates.ui.output
teammates.e2e.cases,teammates.common.datatransfer
teammates.e2e.cases,teammates.common.datatransfer.participanttypes
teammates.e2e.cases,teammates.common.datatransfer.questions
teammates.e2e.cases,teammates.common.datatransfer.visibility
teammates.e2e.cases,teammates.common.exception
teammates.e2e.cases,teammates.common.util
teammates.e2e.cases,teammates.e2e.pageobjects
teammates.e2e.cases,teammates.e2e.util
teammates.e2e.cases,teammates.storage.entity
teammates.e2e.cases,teammates.storage.entity.questions
teammates.e2e.cases,teammates.test
teammates.e2e.cases,teammates.ui.output
teammates.e2e.cases.axe,teammates.common.util
teammates.e2e.cases.axe,teammates.e2e.cases
teammates.e2e.cases.axe,teammates.e2e.pageobjects
teammates.e2e.cases.axe,teammates.storage.entity
teammates.e2e.pageobjects,teammates.common.datatransfer
teammates.e2e.pageobjects,teammates.common.datatransfer.participanttypes
teammates.e2e.pageobjects,teammates.common.datatransfer.questions
teammates.e2e.pageobjects,teammates.common.datatransfer.visibility
teammates.e2e.pageobjects,teammates.common.util
teammates.e2e.pageobjects,teammates.e2e.util
teammates.e2e.pageobjects,teammates.storage.entity
teammates.e2e.pageobjects,teammates.test
teammates.e2e.pageobjects,teammates.ui.output
teammates.e2e.util,teammates.common.datatransfer
teammates.e2e.util,teammates.common.util
teammates.e2e.util,teammates.storage.entity
teammates.e2e.util,teammates.test
teammates.liquibase,teammates.common.util
teammates.liquibase,teammates.storage.entity
teammates.logic.api,teammates.common.datatransfer
teammates.logic.api,teammates.common.datatransfer.logs
teammates.logic.api,teammates.common.exception
teammates.logic.api,teammates.common.util
teammates.logic.api,teammates.logic.core
teammates.logic.api,teammates.logic.external
teammates.logic.api,teammates.storage.entity
teammates.logic.api,teammates.test
teammates.logic.api,teammates.ui.exception
teammates.logic.api,teammates.ui.output
teammates.logic.api,teammates.ui.request
teammates.logic.api,teammates.ui.webapi
teammates.logic.core,teammates.common.datatransfer
teammates.logic.core,teammates.common.datatransfer.logs
teammates.logic.core,teammates.common.datatransfer.participanttypes
teammates.logic.core,teammates.common.datatransfer.questions
teammates.logic.core,teammates.common.datatransfer.visibility
teammates.logic.core,teammates.common.exception
teammates.logic.core,teammates.common.util
teammates.logic.core,teammates.logic.api
teammates.logic.core,teammates.logic.email
teammates.logic.core,teammates.logic.email.model
teammates.logic.core,teammates.logic.util
teammates.logic.core,teammates.storage.api
teammates.logic.core,teammates.storage.entity
teammates.logic.core,teammates.storage.entity.responses
teammates.logic.core,teammates.test
teammates.logic.core,teammates.ui.exception
teammates.logic.core,teammates.ui.output
teammates.logic.core,teammates.ui.request
teammates.logic.core,teammates.ui.webapi
teammates.logic.email,teammates.common.datatransfer
teammates.logic.email,teammates.common.datatransfer.logs
teammates.logic.email,teammates.common.exception
teammates.logic.email,teammates.common.util
teammates.logic.email,teammates.logic.api
teammates.logic.email,teammates.logic.email.model
teammates.logic.email,teammates.logic.external.email
teammates.logic.email,teammates.test
teammates.logic.email,teammates.ui.request
teammates.logic.email.model,teammates.common.datatransfer
teammates.logic.email.model,teammates.common.util
teammates.logic.external,teammates.common.util
teammates.logic.external,teammates.test
teammates.logic.external.email,teammates.common.exception
teammates.logic.external.email,teammates.common.util
teammates.logic.external.email,teammates.test
teammates.logic.statistics,teammates.common.datatransfer
teammates.logic.statistics,teammates.common.datatransfer.participanttypes
teammates.logic.statistics,teammates.common.datatransfer.questions
teammates.logic.statistics,teammates.common.datatransfer.statistics
teammates.logic.statistics,teammates.common.util
teammates.logic.statistics,teammates.storage.entity
teammates.logic.statistics,teammates.test
teammates.logic.statistics,teammates.test.scenariobuilder
teammates.logic.util,teammates.common.util
teammates.logic.util,teammates.test
teammates.main,teammates.common.util
teammates.main,teammates.ui.servlets
teammates.storage.api,teammates.common.datatransfer
teammates.storage.api,teammates.common.datatransfer.logs
teammates.storage.api,teammates.common.datatransfer.participanttypes
teammates.storage.api,teammates.common.datatransfer.questions
teammates.storage.api,teammates.common.util
teammates.storage.api,teammates.storage.entity
teammates.storage.api,teammates.test
teammates.storage.entity,teammates.common.datatransfer
teammates.storage.entity,teammates.common.datatransfer.logs
teammates.storage.entity,teammates.common.datatransfer.participanttypes
teammates.storage.entity,teammates.common.datatransfer.questions
teammates.storage.entity,teammates.common.datatransfer.visibility
teammates.storage.entity,teammates.common.util
teammates.storage.entity,teammates.storage.entity.questions
teammates.storage.entity,teammates.storage.entity.responses
teammates.storage.entity.questions,teammates.common.datatransfer.participanttypes
teammates.storage.entity.questions,teammates.common.datatransfer.questions
teammates.storage.entity.questions,teammates.common.datatransfer.visibility
teammates.storage.entity.questions,teammates.storage.entity
teammates.storage.entity.responses,teammates.common.datatransfer.questions
teammates.storage.entity.responses,teammates.storage.entity
teammates.test,teammates.common.datatransfer
teammates.test,teammates.common.datatransfer.participanttypes
teammates.test,teammates.common.datatransfer.questions
teammates.test,teammates.common.exception
teammates.test,teammates.common.util
teammates.test,teammates.logic.api
teammates.test,teammates.logic.core
teammates.test,teammates.logic.email
teammates.test,teammates.storage.entity
teammates.test,teammates.test.scenariobuilder
teammates.test,teammates.ui.output
teammates.test,teammates.ui.request
teammates.test.scenariobuilder,teammates.common.datatransfer
teammates.test.scenariobuilder,teammates.common.datatransfer.logs
teammates.test.scenariobuilder,teammates.common.datatransfer.participanttypes
teammates.test.scenariobuilder,teammates.common.datatransfer.questions
teammates.test.scenariobuilder,teammates.common.datatransfer.visibility
teammates.test.scenariobuilder,teammates.common.util
teammates.test.scenariobuilder,teammates.storage.entity
teammates.ui.constants,teammates.common.datatransfer
teammates.ui.constants,teammates.common.datatransfer.questions
teammates.ui.constants,teammates.common.util
teammates.ui.exception,teammates.common.exception
teammates.ui.loginmethodhandlers,teammates.common.datatransfer
teammates.ui.loginmethodhandlers,teammates.common.util
teammates.ui.loginmethodhandlers,teammates.test
teammates.ui.loginmethodhandlers,teammates.ui.exception
teammates.ui.loginmethodhandlers,teammates.ui.output
teammates.ui.output,teammates.common.datatransfer
teammates.ui.output,teammates.common.datatransfer.logs
teammates.ui.output,teammates.common.datatransfer.participanttypes
teammates.ui.output,teammates.common.datatransfer.questions
teammates.ui.output,teammates.common.datatransfer.statistics
teammates.ui.output,teammates.common.datatransfer.visibility
teammates.ui.output,teammates.common.util
teammates.ui.output,teammates.logic.statistics
teammates.ui.output,teammates.storage.entity
teammates.ui.request,teammates.common.datatransfer
teammates.ui.request,teammates.common.datatransfer.participanttypes
teammates.ui.request,teammates.common.datatransfer.questions
teammates.ui.request,teammates.common.datatransfer.visibility
teammates.ui.request,teammates.common.util
teammates.ui.request,teammates.test
teammates.ui.request,teammates.ui.exception
teammates.ui.request,teammates.ui.output
teammates.ui.servlets,teammates.common.datatransfer
teammates.ui.servlets,teammates.common.datatransfer.logs
teammates.ui.servlets,teammates.common.exception
teammates.ui.servlets,teammates.common.util
teammates.ui.servlets,teammates.logic.core
teammates.ui.servlets,teammates.storage.entity
teammates.ui.servlets,teammates.test
teammates.ui.servlets,teammates.ui.exception
teammates.ui.servlets,teammates.ui.loginmethodhandlers
teammates.ui.servlets,teammates.ui.output
teammates.ui.servlets,teammates.ui.webapi
teammates.ui.webapi,teammates.common.datatransfer
teammates.ui.webapi,teammates.common.datatransfer.logs
teammates.ui.webapi,teammates.common.datatransfer.visibility
teammates.ui.webapi,teammates.common.exception
teammates.ui.webapi,teammates.common.util
teammates.ui.webapi,teammates.logic.api
teammates.ui.webapi,teammates.logic.core
teammates.ui.webapi,teammates.logic.email
teammates.ui.webapi,teammates.storage.entity
teammates.ui.webapi,teammates.test
teammates.ui.webapi,teammates.ui.exception
teammates.ui.webapi,teammates.ui.output
teammates.ui.webapi,teammates.ui.request
