"FileName","Extension","SizeBytes","RelativeFolder","FullPath"
"FR_NFR_Dataset.xlsx",".xlsx","526985","","C:\Users\shero\OneDrive - Sri Lanka Institute of Information Technology\Research Project\DataSets\FR_NFR_Dataset.xlsx"
"PROMISE-relabeled-NICE.csv",".csv","95725","","C:\Users\shero\OneDrive - Sri Lanka Institute of Information Technology\Research Project\DataSets\PROMISE-relabeled-NICE.csv"
"QuRE.csv",".csv","332770","","C:\Users\shero\OneDrive - Sri Lanka Institute of Information Technology\Research Project\DataSets\QuRE.csv"
"software_requirements_extended.csv",".csv","128376","","C:\Users\shero\OneDrive - Sri Lanka Institute of Information Technology\Research Project\DataSets\software_requirements_extended.csv"
"nfr.txt",".txt","67393","archive (1)","C:\Users\shero\OneDrive - Sri Lanka Institute of Information Technology\Research Project\DataSets\archive (1)\nfr.txt"
"test.txt",".txt","10618","archive (1)","C:\Users\shero\OneDrive - Sri Lanka Institute of Information Technology\Research Project\DataSets\archive (1)\test.txt"
"DS1.xlsx",".xlsx","123805","ARTADataset_release1\Datasets","C:\Users\shero\OneDrive - Sri Lanka Institute of Information Technology\Research Project\DataSets\ARTADataset_release1\Datasets\DS1.xlsx"
"DS2.xlsx",".xlsx","161080","ARTADataset_release1\Datasets","C:\Users\shero\OneDrive - Sri Lanka Institute of Information Technology\Research Project\DataSets\ARTADataset_release1\Datasets\DS2.xlsx"
"DS3.xlsx",".xlsx","138502","ARTADataset_release1\Datasets","C:\Users\shero\OneDrive - Sri Lanka Institute of Information Technology\Research Project\DataSets\ARTADataset_release1\Datasets\DS3.xlsx"
"DS4.xlsx",".xlsx","124809","ARTADataset_release1\Datasets","C:\Users\shero\OneDrive - Sri Lanka Institute of Information Technology\Research Project\DataSets\ARTADataset_release1\Datasets\DS4.xlsx"
"SmellyWordsDictionary.xlsx",".xlsx","42875","ARTADataset_release1\Datasets","C:\Users\shero\OneDrive - Sri Lanka Institute of Information Technology\Research Project\DataSets\ARTADataset_release1\Datasets\SmellyWordsDictionary.xlsx"
"001_dataset1kv1.xlsx",".xlsx","123304","ARTADataset_release1\DS1_Evaluation","C:\Users\shero\OneDrive - Sri Lanka Institute of Information Technology\Research Project\DataSets\ARTADataset_release1\DS1_Evaluation\001_dataset1kv1.xlsx"
"002_dataset1kv1_smell_frequency_with_testability.xlsx",".xlsx","158356","ARTADataset_release1\DS1_Evaluation","C:\Users\shero\OneDrive - Sri Lanka Institute of Information Technology\Research Project\DataSets\ARTADataset_release1\DS1_Evaluation\002_dataset1kv1_smell_frequency_with_testability.xlsx"
"003_dataset1kv1_ARTA_result.xlsx",".xlsx","111225","ARTADataset_release1\DS1_Evaluation","C:\Users\shero\OneDrive - Sri Lanka Institute of Information Technology\Research Project\DataSets\ARTADataset_release1\DS1_Evaluation\003_dataset1kv1_ARTA_result.xlsx"
"004_dataset1kv1_ARTA_result_smell_frequency_with_testability.xlsx",".xlsx","155017","ARTADataset_release1\DS1_Evaluation","C:\Users\shero\OneDrive - Sri Lanka Institute of Information Technology\Research Project\DataSets\ARTADataset_release1\DS1_Evaluation\004_dataset1kv1_ARTA_result_smell_frequency_with_testability.xlsx"
"005_dataset1kv1_Smella_result.xlsx",".xlsx","104569","ARTADataset_release1\DS1_Evaluation","C:\Users\shero\OneDrive - Sri Lanka Institute of Information Technology\Research Project\DataSets\ARTADataset_release1\DS1_Evaluation\005_dataset1kv1_Smella_result.xlsx"
"006_dataset1kv1_Smella_result_smell_frequency_with_testability.xlsx",".xlsx","121176","ARTADataset_release1\DS1_Evaluation","C:\Users\shero\OneDrive - Sri Lanka Institute of Information Technology\Research Project\DataSets\ARTADataset_release1\DS1_Evaluation\006_dataset1kv1_Smella_result_smell_frequency_with_testability.xlsx"
"dataset1kv1_evaluation.xlsx",".xlsx","12505","ARTADataset_release1\DS1_Evaluation\smells","C:\Users\shero\OneDrive - Sri Lanka Institute of Information Technology\Research Project\DataSets\ARTADataset_release1\DS1_Evaluation\smells\dataset1kv1_evaluation.xlsx"
"dataset1kv1_evaluation_tabular_format.xlsx",".xlsx","11065","ARTADataset_release1\DS1_Evaluation\smells","C:\Users\shero\OneDrive - Sri Lanka Institute of Information Technology\Research Project\DataSets\ARTADataset_release1\DS1_Evaluation\smells\dataset1kv1_evaluation_tabular_format.xlsx"
"dataset1kv1_evaluation_with_comparison_chart.xlsx",".xlsx","16363","ARTADataset_release1\DS1_Evaluation\smells","C:\Users\shero\OneDrive - Sri Lanka Institute of Information Technology\Research Project\DataSets\ARTADataset_release1\DS1_Evaluation\smells\dataset1kv1_evaluation_with_comparison_chart.xlsx"
"dataset1kv1_ARTA_evaluation_metrics.xlsx",".xlsx","5720","ARTADataset_release1\DS1_Evaluation\testability","C:\Users\shero\OneDrive - Sri Lanka Institute of Information Technology\Research Project\DataSets\ARTADataset_release1\DS1_Evaluation\testability\dataset1kv1_ARTA_evaluation_metrics.xlsx"
"dataset1kv1_ARTA_evaluation_metrics_1_EIRENE.xlsx",".xlsx","5728","ARTADataset_release1\DS1_Evaluation\testability","C:\Users\shero\OneDrive - Sri Lanka Institute of Information Technology\Research Project\DataSets\ARTADataset_release1\DS1_Evaluation\testability\dataset1kv1_ARTA_evaluation_metrics_1_EIRENE.xlsx"
"dataset1kv1_ARTA_evaluation_metrics_2_ERTMS.xlsx",".xlsx","5726","ARTADataset_release1\DS1_Evaluation\testability","C:\Users\shero\OneDrive - Sri Lanka Institute of Information Technology\Research Project\DataSets\ARTADataset_release1\DS1_Evaluation\testability\dataset1kv1_ARTA_evaluation_metrics_2_ERTMS.xlsx"
"dataset1kv1_ARTA_evaluation_metrics_3_CCTNS.xlsx",".xlsx","9746","ARTADataset_release1\DS1_Evaluation\testability","C:\Users\shero\OneDrive - Sri Lanka Institute of Information Technology\Research Project\DataSets\ARTADataset_release1\DS1_Evaluation\testability\dataset1kv1_ARTA_evaluation_metrics_3_CCTNS.xlsx"
"dataset1kv1_ARTA_evaluation_metrics_4_Gamma-J.xlsx",".xlsx","9702","ARTADataset_release1\DS1_Evaluation\testability","C:\Users\shero\OneDrive - Sri Lanka Institute of Information Technology\Research Project\DataSets\ARTADataset_release1\DS1_Evaluation\testability\dataset1kv1_ARTA_evaluation_metrics_4_Gamma-J.xlsx"
"dataset1kv1_ARTA_evaluation_metrics_5_KeePass.xlsx",".xlsx","9740","ARTADataset_release1\DS1_Evaluation\testability","C:\Users\shero\OneDrive - Sri Lanka Institute of Information Technology\Research Project\DataSets\ARTADataset_release1\DS1_Evaluation\testability\dataset1kv1_ARTA_evaluation_metrics_5_KeePass.xlsx"
"dataset1kv1_ARTA_evaluation_metrics_6_Peering.xlsx",".xlsx","5715","ARTADataset_release1\DS1_Evaluation\testability","C:\Users\shero\OneDrive - Sri Lanka Institute of Information Technology\Research Project\DataSets\ARTADataset_release1\DS1_Evaluation\testability\dataset1kv1_ARTA_evaluation_metrics_6_Peering.xlsx"
"dataset1kv1_Smella_evaluation_metrics.xlsx",".xlsx","5729","ARTADataset_release1\DS1_Evaluation\testability","C:\Users\shero\OneDrive - Sri Lanka Institute of Information Technology\Research Project\DataSets\ARTADataset_release1\DS1_Evaluation\testability\dataset1kv1_Smella_evaluation_metrics.xlsx"
"promise.csv",".csv","85182","comparison_datasets\1_real_life_reqs","C:\Users\shero\OneDrive - Sri Lanka Institute of Information Technology\Research Project\DataSets\comparison_datasets\1_real_life_reqs\promise.csv"
"pure_subset.csv",".csv","1947289","comparison_datasets\1_real_life_reqs","C:\Users\shero\OneDrive - Sri Lanka Institute of Information Technology\Research Project\DataSets\comparison_datasets\1_real_life_reqs\pure_subset.csv"
"security_requirements.csv",".csv","95193","comparison_datasets\1_real_life_reqs","C:\Users\shero\OneDrive - Sri Lanka Institute of Information Technology\Research Project\DataSets\comparison_datasets\1_real_life_reqs\security_requirements.csv"
"user_stories.csv",".csv","248888","comparison_datasets\1_real_life_reqs","C:\Users\shero\OneDrive - Sri Lanka Institute of Information Technology\Research Project\DataSets\comparison_datasets\1_real_life_reqs\user_stories.csv"
"basic.csv",".csv","31340","comparison_datasets\2_synthetic_reqs","C:\Users\shero\OneDrive - Sri Lanka Institute of Information Technology\Research Project\DataSets\comparison_datasets\2_synthetic_reqs\basic.csv"
"context.csv",".csv","30679","comparison_datasets\2_synthetic_reqs","C:\Users\shero\OneDrive - Sri Lanka Institute of Information Technology\Research Project\DataSets\comparison_datasets\2_synthetic_reqs\context.csv"
"context_role.csv",".csv","39201","comparison_datasets\2_synthetic_reqs","C:\Users\shero\OneDrive - Sri Lanka Institute of Information Technology\Research Project\DataSets\comparison_datasets\2_synthetic_reqs\context_role.csv"
"run_1.md",".md","6857","comparison_datasets\2_synthetic_reqs\raw_chat\basic","C:\Users\shero\OneDrive - Sri Lanka Institute of Information Technology\Research Project\DataSets\comparison_datasets\2_synthetic_reqs\raw_chat\basic\run_1.md"
"run_2.md",".md","7347","comparison_datasets\2_synthetic_reqs\raw_chat\basic","C:\Users\shero\OneDrive - Sri Lanka Institute of Information Technology\Research Project\DataSets\comparison_datasets\2_synthetic_reqs\raw_chat\basic\run_2.md"
"run_3.md",".md","6996","comparison_datasets\2_synthetic_reqs\raw_chat\basic","C:\Users\shero\OneDrive - Sri Lanka Institute of Information Technology\Research Project\DataSets\comparison_datasets\2_synthetic_reqs\raw_chat\basic\run_3.md"
"run_4.md",".md","8987","comparison_datasets\2_synthetic_reqs\raw_chat\basic","C:\Users\shero\OneDrive - Sri Lanka Institute of Information Technology\Research Project\DataSets\comparison_datasets\2_synthetic_reqs\raw_chat\basic\run_4.md"
"run_5.md",".md","7006","comparison_datasets\2_synthetic_reqs\raw_chat\basic","C:\Users\shero\OneDrive - Sri Lanka Institute of Information Technology\Research Project\DataSets\comparison_datasets\2_synthetic_reqs\raw_chat\basic\run_5.md"
"run_1.md",".md","7227","comparison_datasets\2_synthetic_reqs\raw_chat\context","C:\Users\shero\OneDrive - Sri Lanka Institute of Information Technology\Research Project\DataSets\comparison_datasets\2_synthetic_reqs\raw_chat\context\run_1.md"
"run_2.md",".md","5733","comparison_datasets\2_synthetic_reqs\raw_chat\context","C:\Users\shero\OneDrive - Sri Lanka Institute of Information Technology\Research Project\DataSets\comparison_datasets\2_synthetic_reqs\raw_chat\context\run_2.md"
"run_3.md",".md","8792","comparison_datasets\2_synthetic_reqs\raw_chat\context","C:\Users\shero\OneDrive - Sri Lanka Institute of Information Technology\Research Project\DataSets\comparison_datasets\2_synthetic_reqs\raw_chat\context\run_3.md"
"run_4.md",".md","7943","comparison_datasets\2_synthetic_reqs\raw_chat\context","C:\Users\shero\OneDrive - Sri Lanka Institute of Information Technology\Research Project\DataSets\comparison_datasets\2_synthetic_reqs\raw_chat\context\run_4.md"
"run_5.md",".md","5659","comparison_datasets\2_synthetic_reqs\raw_chat\context","C:\Users\shero\OneDrive - Sri Lanka Institute of Information Technology\Research Project\DataSets\comparison_datasets\2_synthetic_reqs\raw_chat\context\run_5.md"
"run_1.md",".md","8960","comparison_datasets\2_synthetic_reqs\raw_chat\context_role","C:\Users\shero\OneDrive - Sri Lanka Institute of Information Technology\Research Project\DataSets\comparison_datasets\2_synthetic_reqs\raw_chat\context_role\run_1.md"
"run_2.md",".md","8496","comparison_datasets\2_synthetic_reqs\raw_chat\context_role","C:\Users\shero\OneDrive - Sri Lanka Institute of Information Technology\Research Project\DataSets\comparison_datasets\2_synthetic_reqs\raw_chat\context_role\run_2.md"
"run_3.md",".md","10060","comparison_datasets\2_synthetic_reqs\raw_chat\context_role","C:\Users\shero\OneDrive - Sri Lanka Institute of Information Technology\Research Project\DataSets\comparison_datasets\2_synthetic_reqs\raw_chat\context_role\run_3.md"
"run_4.md",".md","8637","comparison_datasets\2_synthetic_reqs\raw_chat\context_role","C:\Users\shero\OneDrive - Sri Lanka Institute of Information Technology\Research Project\DataSets\comparison_datasets\2_synthetic_reqs\raw_chat\context_role\run_4.md"
"run_5.md",".md","9213","comparison_datasets\2_synthetic_reqs\raw_chat\context_role","C:\Users\shero\OneDrive - Sri Lanka Institute of Information Technology\Research Project\DataSets\comparison_datasets\2_synthetic_reqs\raw_chat\context_role\run_5.md"
"brown.csv",".csv","21077403","comparison_datasets\3_generic_text","C:\Users\shero\OneDrive - Sri Lanka Institute of Information Technology\Research Project\DataSets\comparison_datasets\3_generic_text\brown.csv"
"nfr.arff",".arff","82460","nfr","C:\Users\shero\OneDrive - Sri Lanka Institute of Information Technology\Research Project\DataSets\nfr\nfr.arff"
"README.txt",".txt","248","nfr","C:\Users\shero\OneDrive - Sri Lanka Institute of Information Technology\Research Project\DataSets\nfr\README.txt"
"P10_NFR_FR_trace.arff",".arff","11713","nfr\P(1-10)_NFR_FR_trace","C:\Users\shero\OneDrive - Sri Lanka Institute of Information Technology\Research Project\DataSets\nfr\P(1-10)_NFR_FR_trace\P10_NFR_FR_trace.arff"
"P1_NFR_FR_trace.arff",".arff","7259","nfr\P(1-10)_NFR_FR_trace","C:\Users\shero\OneDrive - Sri Lanka Institute of Information Technology\Research Project\DataSets\nfr\P(1-10)_NFR_FR_trace\P1_NFR_FR_trace.arff"
"P2_NFR_FR_trace.arff",".arff","8765","nfr\P(1-10)_NFR_FR_trace","C:\Users\shero\OneDrive - Sri Lanka Institute of Information Technology\Research Project\DataSets\nfr\P(1-10)_NFR_FR_trace\P2_NFR_FR_trace.arff"
"P3_NFR_FR_trace.arff",".arff","19914","nfr\P(1-10)_NFR_FR_trace","C:\Users\shero\OneDrive - Sri Lanka Institute of Information Technology\Research Project\DataSets\nfr\P(1-10)_NFR_FR_trace\P3_NFR_FR_trace.arff"
"P4_NFR_FR_trace.arff",".arff","16922","nfr\P(1-10)_NFR_FR_trace","C:\Users\shero\OneDrive - Sri Lanka Institute of Information Technology\Research Project\DataSets\nfr\P(1-10)_NFR_FR_trace\P4_NFR_FR_trace.arff"
"P5_NFR_FR_trace.arff",".arff","15619","nfr\P(1-10)_NFR_FR_trace","C:\Users\shero\OneDrive - Sri Lanka Institute of Information Technology\Research Project\DataSets\nfr\P(1-10)_NFR_FR_trace\P5_NFR_FR_trace.arff"
"P6_NFR_FR_trace.arff",".arff","17566","nfr\P(1-10)_NFR_FR_trace","C:\Users\shero\OneDrive - Sri Lanka Institute of Information Technology\Research Project\DataSets\nfr\P(1-10)_NFR_FR_trace\P6_NFR_FR_trace.arff"
"P7_NFR_FR_trace.arff",".arff","6565","nfr\P(1-10)_NFR_FR_trace","C:\Users\shero\OneDrive - Sri Lanka Institute of Information Technology\Research Project\DataSets\nfr\P(1-10)_NFR_FR_trace\P7_NFR_FR_trace.arff"
"P8_NFR_FR_trace.arff",".arff","19563","nfr\P(1-10)_NFR_FR_trace","C:\Users\shero\OneDrive - Sri Lanka Institute of Information Technology\Research Project\DataSets\nfr\P(1-10)_NFR_FR_trace\P8_NFR_FR_trace.arff"
"P9_NFR_FR_trace.arff",".arff","5852","nfr\P(1-10)_NFR_FR_trace","C:\Users\shero\OneDrive - Sri Lanka Institute of Information Technology\Research Project\DataSets\nfr\P(1-10)_NFR_FR_trace\P9_NFR_FR_trace.arff"
"0000 - cctns.pdf",".pdf","350677","req","C:\Users\shero\OneDrive - Sri Lanka Institute of Information Technology\Research Project\DataSets\req\0000 - cctns.pdf"
"0000 - gamma j.pdf",".pdf","1292947","req","C:\Users\shero\OneDrive - Sri Lanka Institute of Information Technology\Research Project\DataSets\req\0000 - gamma j.pdf"
"0000 - inventory.pdf",".pdf","837509","req","C:\Users\shero\OneDrive - Sri Lanka Institute of Information Technology\Research Project\DataSets\req\0000 - inventory.pdf"
"1995 - gemini.pdf",".pdf","5128485","req","C:\Users\shero\OneDrive - Sri Lanka Institute of Information Technology\Research Project\DataSets\req\1995 - gemini.pdf"
"1998 - themas.pdf",".pdf","68429","req","C:\Users\shero\OneDrive - Sri Lanka Institute of Information Technology\Research Project\DataSets\req\1998 - themas.pdf"
"1999 - dii.htm",".htm","52687","req","C:\Users\shero\OneDrive - Sri Lanka Institute of Information Technology\Research Project\DataSets\req\1999 - dii.htm"
"1999 - multi-mahjong.html",".html","93675","req","C:\Users\shero\OneDrive - Sri Lanka Institute of Information Technology\Research Project\DataSets\req\1999 - multi-mahjong.html"
"1999 - tcs.pdf",".pdf","588229","req","C:\Users\shero\OneDrive - Sri Lanka Institute of Information Technology\Research Project\DataSets\req\1999 - tcs.pdf"
"2000 - nasa x38.doc",".doc","922112","req","C:\Users\shero\OneDrive - Sri Lanka Institute of Information Technology\Research Project\DataSets\req\2000 - nasa x38.doc"
"2001 - beyond.pdf",".pdf","604084","req","C:\Users\shero\OneDrive - Sri Lanka Institute of Information Technology\Research Project\DataSets\req\2001 - beyond.pdf"
"2001 - ctc network.pdf",".pdf","277703","req","C:\Users\shero\OneDrive - Sri Lanka Institute of Information Technology\Research Project\DataSets\req\2001 - ctc network.pdf"
"2001 - elsfork.pdf",".pdf","950557","req","C:\Users\shero\OneDrive - Sri Lanka Institute of Information Technology\Research Project\DataSets\req\2001 - elsfork.pdf"
"2001 - esa.pdf",".pdf","102821","req","C:\Users\shero\OneDrive - Sri Lanka Institute of Information Technology\Research Project\DataSets\req\2001 - esa.pdf"
"2001 - hats.pdf",".pdf","377900","req","C:\Users\shero\OneDrive - Sri Lanka Institute of Information Technology\Research Project\DataSets\req\2001 - hats.pdf"
"2001 - libra.doc",".doc","92672","req","C:\Users\shero\OneDrive - Sri Lanka Institute of Information Technology\Research Project\DataSets\req\2001 - libra.doc"
"2001 - npac.doc",".doc","2618368","req","C:\Users\shero\OneDrive - Sri Lanka Institute of Information Technology\Research Project\DataSets\req\2001 - npac.doc"
"2001 - space fractions.pdf",".pdf","103193","req","C:\Users\shero\OneDrive - Sri Lanka Institute of Information Technology\Research Project\DataSets\req\2001 - space fractions.pdf"
"2001 - telescope.pdf",".pdf","701945","req","C:\Users\shero\OneDrive - Sri Lanka Institute of Information Technology\Research Project\DataSets\req\2001 - telescope.pdf"
"2002 - evla back.pdf",".pdf","247337","req","C:\Users\shero\OneDrive - Sri Lanka Institute of Information Technology\Research Project\DataSets\req\2002 - evla back.pdf"
"2002 - evla corr.pdf",".pdf","57698","req","C:\Users\shero\OneDrive - Sri Lanka Institute of Information Technology\Research Project\DataSets\req\2002 - evla corr.pdf"
"2002 - sce api.pdf",".pdf","746386","req","C:\Users\shero\OneDrive - Sri Lanka Institute of Information Technology\Research Project\DataSets\req\2002 - sce api.pdf"
"2003 - agentmom.pdf",".pdf","28814","req","C:\Users\shero\OneDrive - Sri Lanka Institute of Information Technology\Research Project\DataSets\req\2003 - agentmom.pdf"
"2003 - pnnl.pdf",".pdf","1668868","req","C:\Users\shero\OneDrive - Sri Lanka Institute of Information Technology\Research Project\DataSets\req\2003 - pnnl.pdf"
"2003 - qheadache.pdf",".pdf","72966","req","C:\Users\shero\OneDrive - Sri Lanka Institute of Information Technology\Research Project\DataSets\req\2003 - qheadache.pdf"
"2003 - tachonet.pdf",".pdf","366464","req","C:\Users\shero\OneDrive - Sri Lanka Institute of Information Technology\Research Project\DataSets\req\2003 - tachonet.pdf"
"2004 - colorcast.pdf",".pdf","77602","req","C:\Users\shero\OneDrive - Sri Lanka Institute of Information Technology\Research Project\DataSets\req\2004 - colorcast.pdf"
"2004 - e-procurement.rtf",".rtf","1197411","req","C:\Users\shero\OneDrive - Sri Lanka Institute of Information Technology\Research Project\DataSets\req\2004 - e-procurement.rtf"
"2004 - grid bgc.pdf",".pdf","124522","req","C:\Users\shero\OneDrive - Sri Lanka Institute of Information Technology\Research Project\DataSets\req\2004 - grid bgc.pdf"
"2004 - ijis.doc",".doc","230400","req","C:\Users\shero\OneDrive - Sri Lanka Institute of Information Technology\Research Project\DataSets\req\2004 - ijis.doc"
"2004 - jse.doc",".doc","692224","req","C:\Users\shero\OneDrive - Sri Lanka Institute of Information Technology\Research Project\DataSets\req\2004 - jse.doc"
"2004 - philips.doc",".doc","214528","req","C:\Users\shero\OneDrive - Sri Lanka Institute of Information Technology\Research Project\DataSets\req\2004 - philips.doc"
"2004 - rlcs.pdf",".pdf","598933","req","C:\Users\shero\OneDrive - Sri Lanka Institute of Information Technology\Research Project\DataSets\req\2004 - rlcs.pdf"
"2004 - sprat.pdf",".pdf","362599","req","C:\Users\shero\OneDrive - Sri Lanka Institute of Information Technology\Research Project\DataSets\req\2004 - sprat.pdf"
"2004 - watcom gui.pdf",".pdf","828896","req","C:\Users\shero\OneDrive - Sri Lanka Institute of Information Technology\Research Project\DataSets\req\2004 - watcom gui.pdf"
"2004 - watcom.pdf",".pdf","801604","req","C:\Users\shero\OneDrive - Sri Lanka Institute of Information Technology\Research Project\DataSets\req\2004 - watcom.pdf"
"2005 - clarus high.doc",".doc","1021952","req","C:\Users\shero\OneDrive - Sri Lanka Institute of Information Technology\Research Project\DataSets\req\2005 - clarus high.doc"
"2005 - clarus low.pdf",".pdf","664919","req","C:\Users\shero\OneDrive - Sri Lanka Institute of Information Technology\Research Project\DataSets\req\2005 - clarus low.pdf"
"2005 - grid 3D.pdf",".pdf","164056","req","C:\Users\shero\OneDrive - Sri Lanka Institute of Information Technology\Research Project\DataSets\req\2005 - grid 3D.pdf"
"2005 - microcare.pdf",".pdf","639507","req","C:\Users\shero\OneDrive - Sri Lanka Institute of Information Technology\Research Project\DataSets\req\2005 - microcare.pdf"
"2005 - nenios.html",".html","116136","req","C:\Users\shero\OneDrive - Sri Lanka Institute of Information Technology\Research Project\DataSets\req\2005 - nenios.html"
"2005 - phin.pdf",".pdf","134701","req","C:\Users\shero\OneDrive - Sri Lanka Institute of Information Technology\Research Project\DataSets\req\2005 - phin.pdf"
"2005 - pontis.pdf",".pdf","2702800","req","C:\Users\shero\OneDrive - Sri Lanka Institute of Information Technology\Research Project\DataSets\req\2005 - pontis.pdf"
"2005 - triangle.pdf",".pdf","111158","req","C:\Users\shero\OneDrive - Sri Lanka Institute of Information Technology\Research Project\DataSets\req\2005 - triangle.pdf"
"2005 - znix.pdf",".pdf","157806","req","C:\Users\shero\OneDrive - Sri Lanka Institute of Information Technology\Research Project\DataSets\req\2005 - znix.pdf"
"2006 - eirene sys 15.pdf",".pdf","889601","req","C:\Users\shero\OneDrive - Sri Lanka Institute of Information Technology\Research Project\DataSets\req\2006 - eirene sys 15.pdf"
"2006 - stewards.pdf",".pdf","431631","req","C:\Users\shero\OneDrive - Sri Lanka Institute of Information Technology\Research Project\DataSets\req\2006 - stewards.pdf"
"2007 - central trading system.pdf",".pdf","186273","req","C:\Users\shero\OneDrive - Sri Lanka Institute of Information Technology\Research Project\DataSets\req\2007 - central trading system.pdf"
"2007 - e-store.doc",".doc","105472","req","C:\Users\shero\OneDrive - Sri Lanka Institute of Information Technology\Research Project\DataSets\req\2007 - e-store.doc"
"2007 - eirene fun 7.pdf",".pdf","393868","req","C:\Users\shero\OneDrive - Sri Lanka Institute of Information Technology\Research Project\DataSets\req\2007 - eirene fun 7.pdf"
"2007 - ertms.pdf",".pdf","193210","req","C:\Users\shero\OneDrive - Sri Lanka Institute of Information Technology\Research Project\DataSets\req\2007 - ertms.pdf"
"2007 - get real 0.2.pdf",".pdf","39711","req","C:\Users\shero\OneDrive - Sri Lanka Institute of Information Technology\Research Project\DataSets\req\2007 - get real 0.2.pdf"
"2007 - mdot.pdf",".pdf","515595","req","C:\Users\shero\OneDrive - Sri Lanka Institute of Information Technology\Research Project\DataSets\req\2007 - mdot.pdf"
"2007 - nde.pdf",".pdf","376618","req","C:\Users\shero\OneDrive - Sri Lanka Institute of Information Technology\Research Project\DataSets\req\2007 - nde.pdf"
"2007 - nlm.doc",".doc","3478016","req","C:\Users\shero\OneDrive - Sri Lanka Institute of Information Technology\Research Project\DataSets\req\2007 - nlm.doc"
"2007 - puget sound.pdf",".pdf","686573","req","C:\Users\shero\OneDrive - Sri Lanka Institute of Information Technology\Research Project\DataSets\req\2007 - puget sound.pdf"
"2007 - water use.pdf",".pdf","201046","req","C:\Users\shero\OneDrive - Sri Lanka Institute of Information Technology\Research Project\DataSets\req\2007 - water use.pdf"
"2008 - caiso.pdf",".pdf","141978","req","C:\Users\shero\OneDrive - Sri Lanka Institute of Information Technology\Research Project\DataSets\req\2008 - caiso.pdf"
"2008 - keepass.pdf",".pdf","118767","req","C:\Users\shero\OneDrive - Sri Lanka Institute of Information Technology\Research Project\DataSets\req\2008 - keepass.pdf"
"2008 - peering.pdf",".pdf","1554816","req","C:\Users\shero\OneDrive - Sri Lanka Institute of Information Technology\Research Project\DataSets\req\2008 - peering.pdf"
"2008 - viper.doc",".doc","1979904","req","C:\Users\shero\OneDrive - Sri Lanka Institute of Information Technology\Research Project\DataSets\req\2008 - viper.doc"
"2008 - virtual ed.doc",".doc","692736","req","C:\Users\shero\OneDrive - Sri Lanka Institute of Information Technology\Research Project\DataSets\req\2008 - virtual ed.doc"
"2008 - vub.pdf",".pdf","220333","req","C:\Users\shero\OneDrive - Sri Lanka Institute of Information Technology\Research Project\DataSets\req\2008 - vub.pdf"
"2009 - email.pdf",".pdf","113292","req","C:\Users\shero\OneDrive - Sri Lanka Institute of Information Technology\Research Project\DataSets\req\2009 - email.pdf"
"2009 - gaia.pdf",".pdf","432080","req","C:\Users\shero\OneDrive - Sri Lanka Institute of Information Technology\Research Project\DataSets\req\2009 - gaia.pdf"
"2009 - inventory 2.0.pdf",".pdf","918592","req","C:\Users\shero\OneDrive - Sri Lanka Institute of Information Technology\Research Project\DataSets\req\2009 - inventory 2.0.pdf"
"2009 - library.doc",".doc","100864","req","C:\Users\shero\OneDrive - Sri Lanka Institute of Information Technology\Research Project\DataSets\req\2009 - library.doc"
"2009 - library.pdf",".pdf","120402","req","C:\Users\shero\OneDrive - Sri Lanka Institute of Information Technology\Research Project\DataSets\req\2009 - library.pdf"
"2009 - model manager.pdf",".pdf","51864","req","C:\Users\shero\OneDrive - Sri Lanka Institute of Information Technology\Research Project\DataSets\req\2009 - model manager.pdf"
"2009 - peazip.pdf",".pdf","789186","req","C:\Users\shero\OneDrive - Sri Lanka Institute of Information Technology\Research Project\DataSets\req\2009 - peazip.pdf"
"2009 - peppol.pdf",".pdf","2114776","req","C:\Users\shero\OneDrive - Sri Lanka Institute of Information Technology\Research Project\DataSets\req\2009 - peppol.pdf"
"2009 - video search.pdf",".pdf","80130","req","C:\Users\shero\OneDrive - Sri Lanka Institute of Information Technology\Research Project\DataSets\req\2009 - video search.pdf"
"2009 - warc III.pdf",".pdf","549220","req","C:\Users\shero\OneDrive - Sri Lanka Institute of Information Technology\Research Project\DataSets\req\2009 - warc III.pdf"
"2010 - blit draft.pdf",".pdf","277514","req","C:\Users\shero\OneDrive - Sri Lanka Institute of Information Technology\Research Project\DataSets\req\2010 - blit draft.pdf"
"2010 - fishing.pdf",".pdf","427907","req","C:\Users\shero\OneDrive - Sri Lanka Institute of Information Technology\Research Project\DataSets\req\2010 - fishing.pdf"
"2010 - gparted.pdf",".pdf","1424942","req","C:\Users\shero\OneDrive - Sri Lanka Institute of Information Technology\Research Project\DataSets\req\2010 - gparted.pdf"
"2010 - home 1.3.pdf",".pdf","132705","req","C:\Users\shero\OneDrive - Sri Lanka Institute of Information Technology\Research Project\DataSets\req\2010 - home 1.3.pdf"
"2010 - mashboot.pdf",".pdf","573961","req","C:\Users\shero\OneDrive - Sri Lanka Institute of Information Technology\Research Project\DataSets\req\2010 - mashboot.pdf"
"2010 - split merge.pdf",".pdf","2918527","req","C:\Users\shero\OneDrive - Sri Lanka Institute of Information Technology\Research Project\DataSets\req\2010 - split merge.pdf"
"2011 - opensg 0.1.doc",".doc","470528","req","C:\Users\shero\OneDrive - Sri Lanka Institute of Information Technology\Research Project\DataSets\req\2011 - opensg 0.1.doc"
"g02-federalspending.txt",".txt","11235","Requirements data sets (user stories)","C:\Users\shero\OneDrive - Sri Lanka Institute of Information Technology\Research Project\DataSets\Requirements data sets (user stories)\g02-federalspending.txt"
"g03-loudoun.txt",".txt","9156","Requirements data sets (user stories)","C:\Users\shero\OneDrive - Sri Lanka Institute of Information Technology\Research Project\DataSets\Requirements data sets (user stories)\g03-loudoun.txt"
"g04-recycling.txt",".txt","6669","Requirements data sets (user stories)","C:\Users\shero\OneDrive - Sri Lanka Institute of Information Technology\Research Project\DataSets\Requirements data sets (user stories)\g04-recycling.txt"
"g05-openspending.txt",".txt","8718","Requirements data sets (user stories)","C:\Users\shero\OneDrive - Sri Lanka Institute of Information Technology\Research Project\DataSets\Requirements data sets (user stories)\g05-openspending.txt"
"g08-frictionless.txt",".txt","9695","Requirements data sets (user stories)","C:\Users\shero\OneDrive - Sri Lanka Institute of Information Technology\Research Project\DataSets\Requirements data sets (user stories)\g08-frictionless.txt"
"g10-scrumalliance.txt",".txt","13032","Requirements data sets (user stories)","C:\Users\shero\OneDrive - Sri Lanka Institute of Information Technology\Research Project\DataSets\Requirements data sets (user stories)\g10-scrumalliance.txt"
"g11-nsf.txt",".txt","9552","Requirements data sets (user stories)","C:\Users\shero\OneDrive - Sri Lanka Institute of Information Technology\Research Project\DataSets\Requirements data sets (user stories)\g11-nsf.txt"
"g12-camperplus.txt",".txt","7193","Requirements data sets (user stories)","C:\Users\shero\OneDrive - Sri Lanka Institute of Information Technology\Research Project\DataSets\Requirements data sets (user stories)\g12-camperplus.txt"
"g13-planningpoker.txt",".txt","7580","Requirements data sets (user stories)","C:\Users\shero\OneDrive - Sri Lanka Institute of Information Technology\Research Project\DataSets\Requirements data sets (user stories)\g13-planningpoker.txt"
"g14-datahub.txt",".txt","9441","Requirements data sets (user stories)","C:\Users\shero\OneDrive - Sri Lanka Institute of Information Technology\Research Project\DataSets\Requirements data sets (user stories)\g14-datahub.txt"
"g16-mis.txt",".txt","9001","Requirements data sets (user stories)","C:\Users\shero\OneDrive - Sri Lanka Institute of Information Technology\Research Project\DataSets\Requirements data sets (user stories)\g16-mis.txt"
"g17-cask.txt",".txt","8794","Requirements data sets (user stories)","C:\Users\shero\OneDrive - Sri Lanka Institute of Information Technology\Research Project\DataSets\Requirements data sets (user stories)\g17-cask.txt"
"g18-neurohub.txt",".txt","11958","Requirements data sets (user stories)","C:\Users\shero\OneDrive - Sri Lanka Institute of Information Technology\Research Project\DataSets\Requirements data sets (user stories)\g18-neurohub.txt"
"g19-alfred.txt",".txt","13272","Requirements data sets (user stories)","C:\Users\shero\OneDrive - Sri Lanka Institute of Information Technology\Research Project\DataSets\Requirements data sets (user stories)\g19-alfred.txt"
"g21-badcamp.txt",".txt","10263","Requirements data sets (user stories)","C:\Users\shero\OneDrive - Sri Lanka Institute of Information Technology\Research Project\DataSets\Requirements data sets (user stories)\g21-badcamp.txt"
"g22-rdadmp.txt",".txt","12210","Requirements data sets (user stories)","C:\Users\shero\OneDrive - Sri Lanka Institute of Information Technology\Research Project\DataSets\Requirements data sets (user stories)\g22-rdadmp.txt"
"g23-archivesspace.txt",".txt","4987","Requirements data sets (user stories)","C:\Users\shero\OneDrive - Sri Lanka Institute of Information Technology\Research Project\DataSets\Requirements data sets (user stories)\g23-archivesspace.txt"
"g24-unibath.txt",".txt","8270","Requirements data sets (user stories)","C:\Users\shero\OneDrive - Sri Lanka Institute of Information Technology\Research Project\DataSets\Requirements data sets (user stories)\g24-unibath.txt"
"g25-duraspace.txt",".txt","11612","Requirements data sets (user stories)","C:\Users\shero\OneDrive - Sri Lanka Institute of Information Technology\Research Project\DataSets\Requirements data sets (user stories)\g25-duraspace.txt"
"g26-racdam.txt",".txt","11779","Requirements data sets (user stories)","C:\Users\shero\OneDrive - Sri Lanka Institute of Information Technology\Research Project\DataSets\Requirements data sets (user stories)\g26-racdam.txt"
"g27-culrepo.txt",".txt","19389","Requirements data sets (user stories)","C:\Users\shero\OneDrive - Sri Lanka Institute of Information Technology\Research Project\DataSets\Requirements data sets (user stories)\g27-culrepo.txt"
"g28-zooniverse.txt",".txt","6241","Requirements data sets (user stories)","C:\Users\shero\OneDrive - Sri Lanka Institute of Information Technology\Research Project\DataSets\Requirements data sets (user stories)\g28-zooniverse.txt"
"Cornelius_2025_user_story_ambiguity_dataset.xlsx",".xlsx","1420781","User Story Ambiguity Dataset A Comprehensive Resea","C:\Users\shero\OneDrive - Sri Lanka Institute of Information Technology\Research Project\DataSets\User Story Ambiguity Dataset A Comprehensive Resea\Cornelius_2025_user_story_ambiguity_dataset.xlsx"
"Cornelius_research_subsets.xlsx",".xlsx","1555001","User Story Ambiguity Dataset A Comprehensive Resea","C:\Users\shero\OneDrive - Sri Lanka Institute of Information Technology\Research Project\DataSets\User Story Ambiguity Dataset A Comprehensive Resea\Cornelius_research_subsets.xlsx"
"Cornelius_user_story_data_dictionary.xlsx",".xlsx","9459","User Story Ambiguity Dataset A Comprehensive Resea","C:\Users\shero\OneDrive - Sri Lanka Institute of Information Technology\Research Project\DataSets\User Story Ambiguity Dataset A Comprehensive Resea\Cornelius_user_story_data_dictionary.xlsx"
