file,column,value,count
DS1.xlsx,Subjective_lang.,-,726
DS1.xlsx,Subjective_lang.,automatic,17
DS1.xlsx,Subjective_lang.,means,12
DS1.xlsx,Subjective_lang.,part,8
DS1.xlsx,Subjective_lang.,standard,8
DS1.xlsx,Subjective_lang.,suitable,7
DS1.xlsx,Subjective_lang.,ceiling,6
DS1.xlsx,Subjective_lang.,external,5
DS1.xlsx,Subjective_lang.,easy,5
DS1.xlsx,Subjective_lang.,normal,4
DS1.xlsx,Subjective_lang.,case,3
DS1.xlsx,Subjective_lang.,Partial,3
DS1.xlsx,Subjective_lang.,necessary,3
DS1.xlsx,Subjective_lang.,relevant,3
DS1.xlsx,Subjective_lang.,certain,3
DS1.xlsx,Subjective_lang.,intended,3
DS1.xlsx,Subjective_lang.,emergency,3
DS1.xlsx,Subjective_lang.,priority,3
DS1.xlsx,Subjective_lang.,distinctive,3
DS1.xlsx,Subjective_lang.,appropriate,3
DS1.xlsx,Subjective_lang.,related,3
DS1.xlsx,Subjective_lang.,simple,3
DS1.xlsx,Subjective_lang.,short,3
DS1.xlsx,Subjective_lang.,unit,2
DS1.xlsx,Subjective_lang.,available,2
DS1.xlsx,Subjective_lang.,relevant*emergency,2
DS1.xlsx,Subjective_lang.,danger,2
DS1.xlsx,Subjective_lang.,clear,2
DS1.xlsx,Subjective_lang.,special,2
DS1.xlsx,Subjective_lang.,outside,2
DS1.xlsx,Subjective_lang.,new,2
DS1.xlsx,Subjective_lang.,safety,2
DS1.xlsx,Subjective_lang.,important,2
DS1.xlsx,Subjective_lang.,usable,2
DS1.xlsx,Subjective_lang.,high,2
DS1.xlsx,Subjective_lang.,same,2
DS1.xlsx,Subjective_lang.,way,2
DS1.xlsx,Subjective_lang.,audible,2
DS1.xlsx,Subjective_lang.,safely,1
DS1.xlsx,Subjective_lang.,valid,1
DS1.xlsx,Subjective_lang.,valid*default,1
DS1.xlsx,Subjective_lang.,default,1
DS1.xlsx,Subjective_lang.,until,1
DS1.xlsx,Subjective_lang.,successful,1
DS1.xlsx,Subjective_lang.,automatic*Partial,1
DS1.xlsx,Subjective_lang.,available*Partial,1
DS1.xlsx,Subjective_lang.,Partial*available,1
DS1.xlsx,Subjective_lang.,active*Partial,1
DS1.xlsx,Subjective_lang.,compatible,1
DS1.xlsx,Subjective_lang.,different,1
DS1.xlsx,Subjective_lang.,authorised,1
DS1.xlsx,Subjective_lang.,static*special,1
DS1.xlsx,Subjective_lang.,dynamic,1
DS1.xlsx,Subjective_lang.,static,1
DS1.xlsx,Subjective_lang.,complies,1
DS1.xlsx,Subjective_lang.,certain*danger,1
DS1.xlsx,Subjective_lang.,authorities,1
DS1.xlsx,Subjective_lang.,concern*static*dynamic,1
DS1.xlsx,Subjective_lang.,ceiling*certain*harmonised,1
DS1.xlsx,Subjective_lang.,reference,1
DS1.xlsx,Subjective_lang.,Standardised,1
DS1.xlsx,Subjective_lang.,new*old,1
DS1.xlsx,Subjective_lang.,long*refers,1
DS1.xlsx,Subjective_lang.,available*external,1
DS1.xlsx,Subjective_lang.,external*external,1
DS1.xlsx,Subjective_lang.,super-user,1
DS1.xlsx,Subjective_lang.,advanced,1
DS1.xlsx,Subjective_lang.,cases*related,1
DS1.xlsx,Subjective_lang.,meaningful,1
DS1.xlsx,Subjective_lang.,feel*small,1
DS1.xlsx,Subjective_lang.,desirable,1
DS1.xlsx,Subjective_lang.,small,1
DS1.xlsx,Subjective_lang.,user-intuitive.,1
DS1.xlsx,Subjective_lang.,equivalents*alternative,1
DS1.xlsx,Subjective_lang.,self-descriptive,1
DS1.xlsx,Subjective_lang.,alternative*unit,1
DS1.xlsx,Subjective_lang.,useful,1
DS1.xlsx,Subjective_lang.,unnecessary*distract*confuse*impede*relevant,1
DS1.xlsx,Subjective_lang.,important*certain*different,1
DS1.xlsx,Subjective_lang.,Potential,1
DS1.xlsx,Subjective_lang.,clear*same*special,1
DS1.xlsx,Subjective_lang.,readability*quality,1
DS1.xlsx,Subjective_lang.,clear*Fast,1
DS1.xlsx,Subjective_lang.,Readability*readable*legibility,1
DS1.xlsx,Subjective_lang.,readability*overload,1
DS1.xlsx,Subjective_lang.,general*domain,1
DS1.xlsx,Subjective_lang.,clear*specific*important*easy*descriptive*appropriate,1
DS1.xlsx,Subjective_lang.,long*specific*suitable,1
DS1.xlsx,Subjective_lang.,important*large*rapid,1
DS1.xlsx,Subjective_lang.,quickly*appropriate,1
DS1.xlsx,Subjective_lang.,restrictions*certain*capabilities,1
DS1.xlsx,Subjective_lang.,relevant*alternatives,1
DS1.xlsx,Subjective_lang.,same*similar,1
DS1.xlsx,Subjective_lang.,adaptation*useful*relevant*efficient*important*specific*interest*accessible,1
DS1.xlsx,Subjective_lang.,adaptation*evident,1
DS1.xlsx,Subjective_lang.,evident*important,1
DS1.xlsx,Subjective_lang.,adequate,1
DS1.xlsx,Subjective_lang.,simple*advanced,1
DS1.xlsx,Subjective_lang.,small*large,1
DS1.xlsx,Subjective_lang.,critical,1
DS1.xlsx,Subjective_lang.,satisfactory,1
DS1.xlsx,Subjective_lang.,Authentication,1
DS1.xlsx,Subjective_lang.,standardized,1
DS1.xlsx,Subjective_lang.,high*standards,1
DS1.xlsx,Subjective_lang.,section,1
DS1.xlsx,Subjective_lang.,support,1
DS1.xlsx,Subjective_lang.,low,1
DS1.xlsx,Subjective_lang.,inconvenience,1
DS1.xlsx,Subjective_lang.,internal,1
DS1.xlsx,Subjective_lang.,low*part,1
DS1.xlsx,Subjective_lang.,stoppingdistance*control*area,1
DS1.xlsx,Subjective_lang.,basic,1
DS1.xlsx,Subjective_lang.,distinct*general,1
DS1.xlsx,Subjective_lang.,particular,1
DS1.xlsx,Subjective_lang.,sufficient,1
DS1.xlsx,Subjective_lang.,appropropriate,1
DS1.xlsx,Subjective_lang.,pre-set,1
DS1.xlsx,Subjective_lang.,pre-defined,1
DS1.xlsx,Subjective_lang.,short*low,1
DS1.xlsx,Subjective_lang.,area,1
DS1.xlsx,Subjective_lang.,permanent,1
DS1.xlsx,Subjective_lang.,steps,1
DS1.xlsx,Subjective_lang.,internal*means,1
DS1.xlsx,Subjective_lang.,Automatic*means,1
DS1.xlsx,Subjective_lang.,return,1
DS1.xlsx,Subjective_lang.,accidental,1
DS1.xlsx,Subjective_lang.,consistent,1
DS1.xlsx,Subjective_lang.,available*related,1
DS1.xlsx,Subjective_lang.,matter,1
DS1.xlsx,Subjective_lang.,basis,1
DS1.xlsx,Subjective_lang.,ways,1
DS1.xlsx,Subjective_lang.,reasonable,1
DS1.xlsx,Subjective_lang.,priorities,1
DS1.xlsx,Subjective_lang.,advisory,1
DS1.xlsx,Subjective_lang.,external**useful*reference,1
DS1.xlsx,Subjective_lang.,ease,1
DS1.xlsx,Subjective_lang.,power,1
DS1.xlsx,Subjective_lang.,small*compact*easy,1
DS1.xlsx,Subjective_lang.,basic*standard,1
DS1.xlsx,Subjective_lang.,day*night,1
DS1.xlsx,Subjective_lang.,majority,1
DS1.xlsx,Subjective_lang.,standard ,1
DS1.xlsx,Subjective_lang.,international ,1
DS1.xlsx,Subjective_lang.,straightforward,1
DS1.xlsx,Subjective_lang.,set ,1
DS1.xlsx,Subjective_lang.,central,1
DS1.xlsx,Subjective_lang.,soon,1
DS1.xlsx,Subjective_lang.,success,1
DS1.xlsx,Subjective_lang.,regulate,1
DS1.xlsx,Subjective_lang.,something,1
DS1.xlsx,Subjective_lang.,periodic,1
DS1.xlsx,Subjective_lang.,sensitive,1
DS1.xlsx,Subjective_lang.,validate ,1
DS1.xlsx,Subjective_lang.,easily,1
DS1.xlsx,Subjective_lang.,another ,1
DS1.xlsx,Subjective_lang.,Effective ,1
DS1.xlsx,Ambiguous_adv._adj.,-,916
DS1.xlsx,Ambiguous_adv._adj.,atleast,6
DS1.xlsx,Ambiguous_adv._adj.,minimum,6
DS1.xlsx,Ambiguous_adv._adj.,clearly,4
DS1.xlsx,Ambiguous_adv._adj.,currently,4
DS1.xlsx,Ambiguous_adv._adj.,end,3
DS1.xlsx,Ambiguous_adv._adj.,particularly,3
DS1.xlsx,Ambiguous_adv._adj.,maximum,2
DS1.xlsx,Ambiguous_adv._adj.,too,2
DS1.xlsx,Ambiguous_adv._adj.,back,2
DS1.xlsx,Ambiguous_adv._adj.,possibility,2
DS1.xlsx,Ambiguous_adv._adj.,accidental,2
DS1.xlsx,Ambiguous_adv._adj.,automatically,2
DS1.xlsx,Ambiguous_adv._adj.,next,1
DS1.xlsx,Ambiguous_adv._adj.,directly*commonly,1
DS1.xlsx,Ambiguous_adv._adj.,generally,1
DS1.xlsx,Ambiguous_adv._adj.,usually,1
DS1.xlsx,Ambiguous_adv._adj.,potentially,1
DS1.xlsx,Ambiguous_adv._adj.,commonly,1
DS1.xlsx,Ambiguous_adv._adj.,"previous*typically,recent",1
DS1.xlsx,Ambiguous_adv._adj.,previous,1
DS1.xlsx,Ambiguous_adv._adj.,minimal,1
DS1.xlsx,Ambiguous_adv._adj.,some,1
DS1.xlsx,Ambiguous_adv._adj.,correctly,1
DS1.xlsx,Ambiguous_adv._adj.,later,1
DS1.xlsx,Ambiguous_adv._adj.,"appropriately,",1
DS1.xlsx,Ambiguous_adv._adj.,actually,1
DS1.xlsx,Ambiguous_adv._adj.,similar,1
DS1.xlsx,Ambiguous_adv._adj.,audible ,1
DS1.xlsx,Ambiguous_adv._adj.,Detailed ,1
DS1.xlsx,Ambiguous_adv._adj.,other,1
DS1.xlsx,Ambiguous_adv._adj.,  functional ,1
DS1.xlsx,Ambiguous_adv._adj.,freely,1
DS1.xlsx,Ambiguous_adv._adj.,rather,1
DS1.xlsx,Ambiguous_adv._adj.,easily,1
DS1.xlsx,Ambiguous_adv._adj., dependent ,1
DS1.xlsx,Ambiguous_adv._adj.,safety,1
DS1.xlsx,Ambiguous_adv._adj.,immediately,1
DS1.xlsx,Ambiguous_adv._adj.,Additionally,1
DS1.xlsx,Ambiguous_adv._adj.,each,1
DS1.xlsx,Ambiguous_adv._adj.,widely,1
DS1.xlsx,Ambiguous_adv._adj.,extremely ,1
DS1.xlsx,Ambiguous_adv._adj.,already ,1
DS1.xlsx,Ambiguous_adv._adj.,upon,1
DS1.xlsx,Loophole,-,985
DS1.xlsx,Nonverifiable_term,-,820
DS1.xlsx,Nonverifiable_term,indication,56
DS1.xlsx,Nonverifiable_term,possible,18
DS1.xlsx,Nonverifiable_term,detail,7
DS1.xlsx,Nonverifiable_term,details,6
DS1.xlsx,Nonverifiable_term,required,5
DS1.xlsx,Nonverifiable_term,indicated,4
DS1.xlsx,Nonverifiable_term,multiple,4
DS1.xlsx,Nonverifiable_term,additional,2
DS1.xlsx,Nonverifiable_term,limit,2
DS1.xlsx,Nonverifiable_term,several,2
DS1.xlsx,Nonverifiable_term,Minimizing,2
DS1.xlsx,Nonverifiable_term,include,2
DS1.xlsx,Nonverifiable_term,minimum,2
DS1.xlsx,Nonverifiable_term,different,2
DS1.xlsx,Nonverifiable_term,information,2
DS1.xlsx,Nonverifiable_term,condition,2
DS1.xlsx,Nonverifiable_term,suitable ,2
DS1.xlsx,Nonverifiable_term,such,2
DS1.xlsx,Nonverifiable_term,asrequired,1
DS1.xlsx,Nonverifiable_term,defined,1
DS1.xlsx,Nonverifiable_term,full,1
DS1.xlsx,Nonverifiable_term,including,1
DS1.xlsx,Nonverifiable_term,indicate,1
DS1.xlsx,Nonverifiable_term,limited,1
DS1.xlsx,Nonverifiable_term,indication*sufficient,1
DS1.xlsx,Nonverifiable_term,variety*additional,1
DS1.xlsx,Nonverifiable_term,minimized*possible,1
DS1.xlsx,Nonverifiable_term,variety,1
DS1.xlsx,Nonverifiable_term,sufficient,1
DS1.xlsx,Nonverifiable_term,means,1
DS1.xlsx,Nonverifiable_term,more,1
DS1.xlsx,Nonverifiable_term,required*minimum,1
DS1.xlsx,Nonverifiable_term,grouparea*indication,1
DS1.xlsx,Nonverifiable_term,simplified,1
DS1.xlsx,Nonverifiable_term,many,1
DS1.xlsx,Nonverifiable_term,capable,1
DS1.xlsx,Nonverifiable_term,callarea*indication,1
DS1.xlsx,Nonverifiable_term,pre-determind,1
DS1.xlsx,Nonverifiable_term,relationship,1
DS1.xlsx,Nonverifiable_term,facilities,1
DS1.xlsx,Nonverifiable_term,requirements,1
DS1.xlsx,Nonverifiable_term,special,1
DS1.xlsx,Nonverifiable_term,description,1
DS1.xlsx,Nonverifiable_term,suitable,1
DS1.xlsx,Nonverifiable_term,wide range*wide,1
DS1.xlsx,Nonverifiable_term,such*several,1
DS1.xlsx,Nonverifiable_term,specific*specific,1
DS1.xlsx,Nonverifiable_term,standard,1
DS1.xlsx,Nonverifiable_term,functional,1
DS1.xlsx,Nonverifiable_term,certain,1
DS1.xlsx,Nonverifiable_term,peak,1
DS1.xlsx,Nonverifiable_term,several ,1
DS1.xlsx,Nonverifiable_term,necessary,1
DS1.xlsx,Nonverifiable_term,possible ,1
DS1.xlsx,Nonverifiable_term, validate ,1
DS1.xlsx,Nonverifiable_term,too large,1
DS1.xlsx,Nonverifiable_term,consistent*clear,1
DS1.xlsx,Nonverifiable_term,interchangeable,1
DS1.xlsx,Nonverifiable_term,long-term,1
DS1.xlsx,Nonverifiable_term,short-term,1
DS1.xlsx,Nonverifiable_term,sufficient ,1
DS1.xlsx,Superlative,-,977
DS1.xlsx,Superlative,most,3
DS1.xlsx,Superlative,least,1
DS1.xlsx,Superlative,highest,1
DS1.xlsx,Superlative,acceptable,1
DS1.xlsx,Superlative,lowest,1
DS1.xlsx,Superlative,faster,1
DS1.xlsx,Comparative,-,959
DS1.xlsx,Comparative,more,10
DS1.xlsx,Comparative,lower,3
DS1.xlsx,Comparative,higher,3
DS1.xlsx,Comparative,longer,2
DS1.xlsx,Comparative,shorter,1
DS1.xlsx,Comparative,ratherthan,1
DS1.xlsx,Comparative,slower*more,1
DS1.xlsx,Comparative,Higher,1
DS1.xlsx,Comparative,higher*lower,1
DS1.xlsx,Comparative,minor,1
DS1.xlsx,Comparative,higher*more,1
DS1.xlsx,Comparative, greater ,1
DS1.xlsx,Negative,-,943
DS1.xlsx,Negative,not,36
DS1.xlsx,Negative,never,2
DS1.xlsx,Negative,not*not,1
DS1.xlsx,Negative,doesnot,1
DS1.xlsx,Negative,no,1
DS1.xlsx,Negative,clearly,1
DS1.xlsx,Vague_pron.,-,912
DS1.xlsx,Vague_pron.,other,14
DS1.xlsx,Vague_pron.,another,7
DS1.xlsx,Vague_pron.,it,6
DS1.xlsx,Vague_pron.,this,6
DS1.xlsx,Vague_pron.,that,6
DS1.xlsx,Vague_pron.,which,5
DS1.xlsx,Vague_pron.,This,5
DS1.xlsx,Vague_pron.,such,5
DS1.xlsx,Vague_pron.,its,2
DS1.xlsx,Vague_pron.,which*it,2
DS1.xlsx,Vague_pron.,him,1
DS1.xlsx,Vague_pron.,that*This,1
DS1.xlsx,Vague_pron.,another*other,1
DS1.xlsx,Vague_pron.,It,1
DS1.xlsx,Vague_pron.,their*own,1
DS1.xlsx,Vague_pron.,each,1
DS1.xlsx,Vague_pron.,it*other*other,1
DS1.xlsx,Vague_pron.,these*it,1
DS1.xlsx,Vague_pron.,which*that*they,1
DS1.xlsx,Vague_pron.,other*that,1
DS1.xlsx,Vague_pron.,they,1
DS1.xlsx,Vague_pron.,this*that,1
DS1.xlsx,Vague_pron.,any,1
DS1.xlsx,Vague_pron.,them,1
DS1.xlsx,Vague_pron.,may,1
DS1.xlsx,Uncertain_verb,-,797
DS1.xlsx,Uncertain_verb,should,110
DS1.xlsx,Uncertain_verb,may,42
DS1.xlsx,Uncertain_verb,can,17
DS1.xlsx,Uncertain_verb,should*can,6
DS1.xlsx,Uncertain_verb,should*may,3
DS1.xlsx,Uncertain_verb,might,2
DS1.xlsx,Uncertain_verb,must,2
DS1.xlsx,Uncertain_verb,will,2
DS1.xlsx,Uncertain_verb,should*can*could,1
DS1.xlsx,Uncertain_verb,may*can,1
DS1.xlsx,Uncertain_verb,could,1
DS1.xlsx,Uncertain_verb,may*may,1
DS1.xlsx,Polysemy,-,549
DS1.xlsx,Polysemy,call,149
DS1.xlsx,Polysemy,following,24
DS1.xlsx,Polysemy,action,12
DS1.xlsx,Polysemy,application,7
DS1.xlsx,Polysemy,value,6
DS1.xlsx,Polysemy,functional,6
DS1.xlsx,Polysemy,mean,5
DS1.xlsx,Polysemy,use,5
DS1.xlsx,Polysemy,set,5
DS1.xlsx,Polysemy,functional ,5
DS1.xlsx,Polysemy,used,4
DS1.xlsx,Polysemy,store,4
DS1.xlsx,Polysemy,pages,4
DS1.xlsx,Polysemy,calls,4
DS1.xlsx,Polysemy,type,4
DS1.xlsx,Polysemy,values,3
DS1.xlsx,Polysemy,order,3
DS1.xlsx,Polysemy,release,3
DS1.xlsx,Polysemy,power,3
DS1.xlsx,Polysemy,page,3
DS1.xlsx,Polysemy,direct,3
DS1.xlsx,Polysemy,call*point,3
DS1.xlsx,Polysemy,Functional ,3
DS1.xlsx,Polysemy,current,2
DS1.xlsx,Polysemy,board,2
DS1.xlsx,Polysemy,point,2
DS1.xlsx,Polysemy,fixed,2
DS1.xlsx,Polysemy,location,2
DS1.xlsx,Polysemy,Application*pages,2
DS1.xlsx,Polysemy,application*page,2
DS1.xlsx,Polysemy,following*applications,2
DS1.xlsx,Polysemy,call*applications,2
DS1.xlsx,Polysemy,following*call,2
DS1.xlsx,Polysemy,called,2
DS1.xlsx,Polysemy,call*following,2
DS1.xlsx,Polysemy,call*following*type,2
DS1.xlsx,Polysemy,call*following*type*action,2
DS1.xlsx,Polysemy,call*action,2
DS1.xlsx,Polysemy,call*means,2
DS1.xlsx,Polysemy,means,2
DS1.xlsx,Polysemy,power*following,2
DS1.xlsx,Polysemy,function,2
DS1.xlsx,Polysemy,tone,2
DS1.xlsx,Polysemy,resolution,2
DS1.xlsx,Polysemy,"following,application",1
DS1.xlsx,Polysemy,application*run*application*application*run*application*application*run*application,1
DS1.xlsx,Polysemy,current*application,1
DS1.xlsx,Polysemy,values*current*used,1
DS1.xlsx,Polysemy,memory,1
DS1.xlsx,Polysemy,Running,1
DS1.xlsx,Polysemy,Following,1
DS1.xlsx,Polysemy,following*memory,1
DS1.xlsx,Polysemy,place,1
DS1.xlsx,Polysemy,class*level,1
DS1.xlsx,Polysemy,level*dynamic,1
DS1.xlsx,Polysemy,level*static,1
DS1.xlsx,Polysemy,failure*point,1
DS1.xlsx,Polysemy,release*board,1
DS1.xlsx,Polysemy,release*board*point,1
DS1.xlsx,Polysemy,release*point,1
DS1.xlsx,Polysemy,error,1
DS1.xlsx,Polysemy,static*dynamic,1
DS1.xlsx,Polysemy,monitor,1
DS1.xlsx,Polysemy,use*unit,1
DS1.xlsx,Polysemy,Operation,1
DS1.xlsx,Polysemy,running,1
DS1.xlsx,Polysemy,air,1
DS1.xlsx,Polysemy,"character,set",1
DS1.xlsx,Polysemy,Fixed,1
DS1.xlsx,Polysemy,following*types,1
DS1.xlsx,Polysemy,active*procedure,1
DS1.xlsx,Polysemy,set*values,1
DS1.xlsx,Polysemy,following*Value,1
DS1.xlsx,Polysemy,action*application,1
DS1.xlsx,Polysemy,"action,application",1
DS1.xlsx,Polysemy,application*log,1
DS1.xlsx,Polysemy,activated*store,1
DS1.xlsx,Polysemy,able,1
DS1.xlsx,Polysemy,level,1
DS1.xlsx,Polysemy,log,1
DS1.xlsx,Polysemy,application*set,1
DS1.xlsx,Polysemy,mouse,1
DS1.xlsx,Polysemy,image,1
DS1.xlsx,Polysemy,current*page,1
DS1.xlsx,Polysemy,unit,1
DS1.xlsx,Polysemy,steps,1
DS1.xlsx,Polysemy,application*used,1
DS1.xlsx,Polysemy,windows*action,1
DS1.xlsx,Polysemy,face*present,1
DS1.xlsx,Polysemy,"pages,,action",1
DS1.xlsx,Polysemy,units*use,1
DS1.xlsx,Polysemy,able*means,1
DS1.xlsx,Polysemy,means*use*point,1
DS1.xlsx,Polysemy,lists,1
DS1.xlsx,Polysemy,windows,1
DS1.xlsx,Polysemy,"types*list*application,action,",1
DS1.xlsx,Polysemy,used*means*page*block,1
DS1.xlsx,Polysemy,page*use,1
DS1.xlsx,Polysemy,used*means,1
DS1.xlsx,Polysemy,page*used,1
DS1.xlsx,Polysemy,used*pages,1
DS1.xlsx,Polysemy,application*pages*page*play,1
DS1.xlsx,Polysemy,page*application,1
DS1.xlsx,Polysemy,pages*application.,1
DS1.xlsx,Polysemy,used*means*levels*like,1
DS1.xlsx,Polysemy,follow,1
DS1.xlsx,Polysemy,means*list,1
DS1.xlsx,Polysemy,client,1
DS1.xlsx,Polysemy,types,1
DS1.xlsx,Polysemy,run,1
DS1.xlsx,Polysemy,call*fixed,1
DS1.xlsx,Polysemy,call*used,1
DS1.xlsx,Polysemy,applications,1
DS1.xlsx,Polysemy,applications*order,1
DS1.xlsx,Polysemy,applications*call,1
DS1.xlsx,Polysemy,call*application,1
DS1.xlsx,Polysemy,calls*applications,1
DS1.xlsx,Polysemy,called*form,1
DS1.xlsx,Polysemy,"Call,forwarding",1
DS1.xlsx,Polysemy,application.,1
DS1.xlsx,Polysemy,Call,1
DS1.xlsx,Polysemy,call*table*type,1
DS1.xlsx,Polysemy,fixed*call,1
DS1.xlsx,Polysemy,"call*,fixed",1
DS1.xlsx,Polysemy,use*type,1
DS1.xlsx,Polysemy,following*calls*type,1
DS1.xlsx,Polysemy,form,1
DS1.xlsx,Polysemy,"call,table",1
DS1.xlsx,Polysemy,call*mean,1
DS1.xlsx,Polysemy,"direct,means",1
DS1.xlsx,Polysemy,direct*call*using,1
DS1.xlsx,Polysemy,present,1
DS1.xlsx,Polysemy,"means,place",1
DS1.xlsx,Polysemy,call*current,1
DS1.xlsx,Polysemy,mean*place,1
DS1.xlsx,Polysemy,power*call,1
DS1.xlsx,Polysemy,order*call*set,1
DS1.xlsx,Polysemy,power*type,1
DS1.xlsx,Polysemy,free,1
DS1.xlsx,Polysemy,mean*call,1
DS1.xlsx,Polysemy,form*following,1
DS1.xlsx,Polysemy,type*call,1
DS1.xlsx,Polysemy,mean*direct,1
DS1.xlsx,Polysemy,point*call,1
DS1.xlsx,Polysemy,adapter,1
DS1.xlsx,Polysemy,structure,1
DS1.xlsx,Polysemy,preclude ,1
DS1.xlsx,Polysemy,environment,1
DS1.xlsx,Polysemy,engine,1
DS1.xlsx,Polysemy,functions*call*call*call,1
DS1.xlsx,Polysemy,call*agreement ,1
DS1.xlsx,Polysemy, functional,1
DS1.xlsx,Polysemy,functional *functions,1
DS1.xlsx,Polysemy,functional* functional ,1
DS1.xlsx,Polysemy,dynamic,1
DS1.xlsx,Polysemy,segments,1
DS1.xlsx,Polysemy,segment,1
DS1.xlsx,Polysemy,terminal,1
DS1.xlsx,Polysemy,name,1
DS1.xlsx,Polysemy,word*type,1
DS1.xlsx,Polysemy,path,1
DS1.xlsx,Polysemy,composite,1
DS1.xlsx,Polysemy,hot*key ,1
DS1.xlsx,Polysemy,information,1
DS1.xlsx,Polysemy,interface,1
DS1.xlsx,Polysemy,site,1
DS1.xlsx,Polysemy,Malicious,1
DS1.xlsx,Polysemy,description,1
DS1.xlsx,Polysemy,Mediator ,1
DS1.xlsx,Polysemy,external,1
DS2.xlsx,subjective_language,-,1070
DS2.xlsx,subjective_language,simple,11
DS2.xlsx,subjective_language,sufficient,4
DS2.xlsx,subjective_language,sufficient*sufficient,2
DS2.xlsx,subjective_language,consistent,2
DS2.xlsx,subjective_language,simple*simple,1
DS2.xlsx,subjective_language,simple*unambiguous,1
DS2.xlsx,subjective_language,signaling system,1
DS2.xlsx,ambiguous_adverbs_adjectives,-,449
DS2.xlsx,ambiguous_adverbs_adjectives,necessary,35
DS2.xlsx,ambiguous_adverbs_adjectives,capable,21
DS2.xlsx,ambiguous_adverbs_adjectives,other,16
DS2.xlsx,ambiguous_adverbs_adjectives,appropriate,13
DS2.xlsx,ambiguous_adverbs_adjectives,only,10
DS2.xlsx,ambiguous_adverbs_adjectives,standard,10
DS2.xlsx,ambiguous_adverbs_adjectives,common,9
DS2.xlsx,ambiguous_adverbs_adjectives,possible,9
DS2.xlsx,ambiguous_adverbs_adjectives,external,8
DS2.xlsx,ambiguous_adverbs_adjectives,available,8
DS2.xlsx,ambiguous_adverbs_adjectives,specific,8
DS2.xlsx,ambiguous_adverbs_adjectives,direct,8
DS2.xlsx,ambiguous_adverbs_adjectives,current,6
DS2.xlsx,ambiguous_adverbs_adjectives,minimum,6
DS2.xlsx,ambiguous_adverbs_adjectives,mobile,6
DS2.xlsx,ambiguous_adverbs_adjectives,real,5
DS2.xlsx,ambiguous_adverbs_adjectives,such,5
DS2.xlsx,ambiguous_adverbs_adjectives,capappropriate,5
DS2.xlsx,ambiguous_adverbs_adjectives,other*other,5
DS2.xlsx,ambiguous_adverbs_adjectives,national,5
DS2.xlsx,ambiguous_adverbs_adjectives,additional,5
DS2.xlsx,ambiguous_adverbs_adjectives,general,4
DS2.xlsx,ambiguous_adverbs_adjectives,suitable,4
DS2.xlsx,ambiguous_adverbs_adjectives,simple,4
DS2.xlsx,ambiguous_adverbs_adjectives,automatic,4
DS2.xlsx,ambiguous_adverbs_adjectives,short,4
DS2.xlsx,ambiguous_adverbs_adjectives,individual,3
DS2.xlsx,ambiguous_adverbs_adjectives,different,3
DS2.xlsx,ambiguous_adverbs_adjectives,main,3
DS2.xlsx,ambiguous_adverbs_adjectives,full,3
DS2.xlsx,ambiguous_adverbs_adjectives,previous,3
DS2.xlsx,ambiguous_adverbs_adjectives,particular,3
DS2.xlsx,ambiguous_adverbs_adjectives,same,3
DS2.xlsx,ambiguous_adverbs_adjectives,logical,3
DS2.xlsx,ambiguous_adverbs_adjectives,successful,3
DS2.xlsx,ambiguous_adverbs_adjectives,regular,3
DS2.xlsx,ambiguous_adverbs_adjectives,technical,3
DS2.xlsx,ambiguous_adverbs_adjectives,special,3
DS2.xlsx,ambiguous_adverbs_adjectives,important,2
DS2.xlsx,ambiguous_adverbs_adjectives,numerous*common,2
DS2.xlsx,ambiguous_adverbs_adjectives,normal,2
DS2.xlsx,ambiguous_adverbs_adjectives,last,2
DS2.xlsx,ambiguous_adverbs_adjectives,internal,2
DS2.xlsx,ambiguous_adverbs_adjectives,maximum*maximum,2
DS2.xlsx,ambiguous_adverbs_adjectives,maximum,2
DS2.xlsx,ambiguous_adverbs_adjectives,upper,2
DS2.xlsx,ambiguous_adverbs_adjectives,minimum*proper,2
DS2.xlsx,ambiguous_adverbs_adjectives,acceptable,2
DS2.xlsx,ambiguous_adverbs_adjectives,other*appropriate,2
DS2.xlsx,ambiguous_adverbs_adjectives,signal,2
DS2.xlsx,ambiguous_adverbs_adjectives,human,2
DS2.xlsx,ambiguous_adverbs_adjectives,last*previous,2
DS2.xlsx,ambiguous_adverbs_adjectives,other*specific,2
DS2.xlsx,ambiguous_adverbs_adjectives,relevant,2
DS2.xlsx,ambiguous_adverbs_adjectives,clear,2
DS2.xlsx,ambiguous_adverbs_adjectives,international*international,2
DS2.xlsx,ambiguous_adverbs_adjectives,basic,2
DS2.xlsx,ambiguous_adverbs_adjectives,either,2
DS2.xlsx,ambiguous_adverbs_adjectives,special*short,2
DS2.xlsx,ambiguous_adverbs_adjectives,clear*different,2
DS2.xlsx,ambiguous_adverbs_adjectives,electrical,2
DS2.xlsx,ambiguous_adverbs_adjectives,national*international,2
DS2.xlsx,ambiguous_adverbs_adjectives,able,2
DS2.xlsx,ambiguous_adverbs_adjectives,otherwise,2
DS2.xlsx,ambiguous_adverbs_adjectives,specific*general,2
DS2.xlsx,ambiguous_adverbs_adjectives,fast,2
DS2.xlsx,ambiguous_adverbs_adjectives,other*possible,2
DS2.xlsx,ambiguous_adverbs_adjectives,appropriate*other*commercial,1
DS2.xlsx,ambiguous_adverbs_adjectives,individual*other*other*various*various*large,1
DS2.xlsx,ambiguous_adverbs_adjectives,realistic*other*suitable,1
DS2.xlsx,ambiguous_adverbs_adjectives,outside*several*unlikely*complete*upper*capable,1
DS2.xlsx,ambiguous_adverbs_adjectives,typical*particular*other*logical*different*particular*other*important,1
DS2.xlsx,ambiguous_adverbs_adjectives,high*major*many*many*large*distinct,1
DS2.xlsx,ambiguous_adverbs_adjectives,several*broad*various,1
DS2.xlsx,ambiguous_adverbs_adjectives,general*general*necessary*other*high*short,1
DS2.xlsx,ambiguous_adverbs_adjectives,different*special,1
DS2.xlsx,ambiguous_adverbs_adjectives,easy,1
DS2.xlsx,ambiguous_adverbs_adjectives,much*possible*capresponsible,1
DS2.xlsx,ambiguous_adverbs_adjectives,various*various,1
DS2.xlsx,ambiguous_adverbs_adjectives,similar,1
DS2.xlsx,ambiguous_adverbs_adjectives,common*individual,1
DS2.xlsx,ambiguous_adverbs_adjectives,suitfast*possible*common*additional*other*simple*particular*full*special*same*full*general*critical*same*other*far*possible,1
DS2.xlsx,ambiguous_adverbs_adjectives,similar*necessary*future*future,1
DS2.xlsx,ambiguous_adverbs_adjectives,unlikely*particular*other*simple*possible*standard*joint*possible*internal*important*same*long,1
DS2.xlsx,ambiguous_adverbs_adjectives,safe*different*different*wide*particular*private*acceptother*still*other,1
DS2.xlsx,ambiguous_adverbs_adjectives,commercial*normal*simple,1
DS2.xlsx,ambiguous_adverbs_adjectives,caprelative*several,1
DS2.xlsx,ambiguous_adverbs_adjectives,such*possible*simple*possible*possible*particular*general*individual*possible,1
DS2.xlsx,ambiguous_adverbs_adjectives,responsible*actual*special*general*present,1
DS2.xlsx,ambiguous_adverbs_adjectives,individual*apart*formal*current*various,1
DS2.xlsx,ambiguous_adverbs_adjectives,safe*safe*independent*general*hard*electrical*electrical*hard*soft,1
DS2.xlsx,ambiguous_adverbs_adjectives,human*human,1
DS2.xlsx,ambiguous_adverbs_adjectives,entire*general*pure*obvious*different*necessary*different*different*common,1
DS2.xlsx,ambiguous_adverbs_adjectives,effective*standard*general*low*possible*actual*raw*different*different*last*small*possible,1
DS2.xlsx,ambiguous_adverbs_adjectives,normal*certain*high,1
DS2.xlsx,ambiguous_adverbs_adjectives,several,1
DS2.xlsx,ambiguous_adverbs_adjectives,large,1
DS2.xlsx,ambiguous_adverbs_adjectives,previous*great*actual*possible*complete*raw*same*weekly*automatic*standard,1
DS2.xlsx,ambiguous_adverbs_adjectives,individual*appropriate*previous*previous*practical*strict,1
DS2.xlsx,ambiguous_adverbs_adjectives,same*general,1
DS2.xlsx,ambiguous_adverbs_adjectives,commercial*relevant*general*various*large*internal,1
DS2.xlsx,ambiguous_adverbs_adjectives,typical*particular*other*logical*effective*appropriate*sure,1
DS2.xlsx,ambiguous_adverbs_adjectives,willing,1
DS2.xlsx,ambiguous_adverbs_adjectives,raw*quick*fast*raw,1
DS2.xlsx,ambiguous_adverbs_adjectives,other*current*appropriate*relative*various*appropriate,1
DS2.xlsx,ambiguous_adverbs_adjectives,particular*independent*possible*different*standard*standard*main,1
DS2.xlsx,ambiguous_adverbs_adjectives,final*different,1
DS2.xlsx,ambiguous_adverbs_adjectives,large*many*different*same*obvious*same*same*several*large*different*future*different*current*few*practical,1
DS2.xlsx,ambiguous_adverbs_adjectives,upper*human,1
DS2.xlsx,ambiguous_adverbs_adjectives,availcommercial,1
DS2.xlsx,ambiguous_adverbs_adjectives,same*direct,1
DS2.xlsx,ambiguous_adverbs_adjectives,total*electrical*maximum*possible*clear*safe*possible*different*single*possible*automatic*prior*critical*possible*sure,1
DS2.xlsx,ambiguous_adverbs_adjectives,capother*capable,1
DS2.xlsx,ambiguous_adverbs_adjectives,capuseful*short,1
DS2.xlsx,ambiguous_adverbs_adjectives,standard*other*other*future,1
DS2.xlsx,ambiguous_adverbs_adjectives,new*low*possible,1
DS2.xlsx,ambiguous_adverbs_adjectives,initial,1
DS2.xlsx,ambiguous_adverbs_adjectives,availappropriate,1
DS2.xlsx,ambiguous_adverbs_adjectives,possible*still*same*extra*automatic,1
DS2.xlsx,ambiguous_adverbs_adjectives,apart*necessary*possible*extra,1
DS2.xlsx,ambiguous_adverbs_adjectives,national*large*international*high*informal*many,1
DS2.xlsx,ambiguous_adverbs_adjectives,responsible*individual,1
DS2.xlsx,ambiguous_adverbs_adjectives,normal*single*additional*same*single*other*single*single*far*capable,1
DS2.xlsx,ambiguous_adverbs_adjectives,single*several*same*different*same*whole*simple*other*whole*single*simple*relevant*other*important*certain*rare*expert*different*different*automatic*different,1
DS2.xlsx,ambiguous_adverbs_adjectives,full*accepteffective*automatic*standard*certain*double*single,1
DS2.xlsx,ambiguous_adverbs_adjectives,single*long*capnearby*same,1
DS2.xlsx,ambiguous_adverbs_adjectives,remote*large*necessary,1
DS2.xlsx,ambiguous_adverbs_adjectives,complete*different*different*clear*logical*general*direct*particular,1
DS2.xlsx,ambiguous_adverbs_adjectives,primary*special,1
DS2.xlsx,ambiguous_adverbs_adjectives,large*high*responsible*single*own*main*independent*common*major*heavy*other,1
DS2.xlsx,ambiguous_adverbs_adjectives,full*basic*smooth*friendly*automatic*top*other*initial*automatic,1
DS2.xlsx,ambiguous_adverbs_adjectives,typical,1
DS2.xlsx,ambiguous_adverbs_adjectives,other*same,1
DS2.xlsx,ambiguous_adverbs_adjectives,only*single*separate*separate*various*possible*other,1
DS2.xlsx,ambiguous_adverbs_adjectives,other*crazy*particular*still,1
DS2.xlsx,ambiguous_adverbs_adjectives,reasonminimum*full,1
DS2.xlsx,ambiguous_adverbs_adjectives,different*different*particular*different,1
DS2.xlsx,ambiguous_adverbs_adjectives,simple*critical*common,1
DS2.xlsx,ambiguous_adverbs_adjectives,current*different,1
DS2.xlsx,ambiguous_adverbs_adjectives,possible*much*long*standard,1
DS2.xlsx,ambiguous_adverbs_adjectives,such*necessary*certain*certain*other*other*other*few*other*suitsmooth*present,1
DS2.xlsx,ambiguous_adverbs_adjectives,many*other*different*necessary,1
DS2.xlsx,ambiguous_adverbs_adjectives,necessary*signal,1
DS2.xlsx,ambiguous_adverbs_adjectives,maximum*maximum*empty*current*still,1
DS2.xlsx,ambiguous_adverbs_adjectives,first*known*current*current*appropriate,1
DS2.xlsx,ambiguous_adverbs_adjectives,current*current*appropriate,1
DS2.xlsx,ambiguous_adverbs_adjectives,different*past,1
DS2.xlsx,ambiguous_adverbs_adjectives,only*reasonable,1
DS2.xlsx,ambiguous_adverbs_adjectives,availindividual,1
DS2.xlsx,ambiguous_adverbs_adjectives,individual*upper,1
DS2.xlsx,ambiguous_adverbs_adjectives,current*current*individual*upper*otherwise*individual*upper*otherwise,1
DS2.xlsx,ambiguous_adverbs_adjectives,signal*signal,1
DS2.xlsx,ambiguous_adverbs_adjectives,high*different*additional,1
DS2.xlsx,ambiguous_adverbs_adjectives,capnecessary*same*other*current*same*present,1
DS2.xlsx,ambiguous_adverbs_adjectives,standard*commercial*standard*electrical*electrical*capsufficient*critical*critical,1
DS2.xlsx,ambiguous_adverbs_adjectives,capcommon*common*common*joint*joint*specific*special*necessary*necessary*various*appropriate*live*specific*high*high*high*same,1
DS2.xlsx,ambiguous_adverbs_adjectives,capsingle*standard*various*additional*primary*other*necessary*initial*close,1
DS2.xlsx,ambiguous_adverbs_adjectives,capother*specific,1
DS2.xlsx,ambiguous_adverbs_adjectives,normal*necessary,1
DS2.xlsx,ambiguous_adverbs_adjectives,equal,1
DS2.xlsx,ambiguous_adverbs_adjectives,sufficient*sufficient*technical,1
DS2.xlsx,ambiguous_adverbs_adjectives,present*normal,1
DS2.xlsx,ambiguous_adverbs_adjectives,present,1
DS2.xlsx,ambiguous_adverbs_adjectives,caplong*other*full*independent*national*standard*federal,1
DS2.xlsx,ambiguous_adverbs_adjectives,external*standard,1
DS2.xlsx,ambiguous_adverbs_adjectives,normal*other*appropriate*normal,1
DS2.xlsx,ambiguous_adverbs_adjectives,formal*original*individual*initial*formal*primary*formal*actual*actual,1
DS2.xlsx,ambiguous_adverbs_adjectives,consistent*common*united*national*common,1
DS2.xlsx,ambiguous_adverbs_adjectives,known*significant*maximum,1
DS2.xlsx,ambiguous_adverbs_adjectives,sufficient,1
DS2.xlsx,ambiguous_adverbs_adjectives,necessary*major,1
DS2.xlsx,ambiguous_adverbs_adjectives,capother*necessary*same*same*necessary*normal,1
DS2.xlsx,ambiguous_adverbs_adjectives,other*additional*sensitive*initial*general,1
DS2.xlsx,ambiguous_adverbs_adjectives,equal*otherwise*other,1
DS2.xlsx,ambiguous_adverbs_adjectives,automatic*capable,1
DS2.xlsx,ambiguous_adverbs_adjectives,specific*necessary*specific*specific*appropriate*other*other*capunique*full*necessary*direct*different*future*prior*successful,1
DS2.xlsx,ambiguous_adverbs_adjectives,internal*real*other,1
DS2.xlsx,ambiguous_adverbs_adjectives,joint*technical*joint*technical*open*capadditional*future*future*automatic*future*future*necessary*capvarious,1
DS2.xlsx,ambiguous_adverbs_adjectives,necessary*standard*commercial*necessary,1
DS2.xlsx,ambiguous_adverbs_adjectives,capnormal*normal,1
DS2.xlsx,ambiguous_adverbs_adjectives,internal*other,1
DS2.xlsx,ambiguous_adverbs_adjectives,hard*common*united*national*global*necessary*capother,1
DS2.xlsx,ambiguous_adverbs_adjectives,objective*capspare*spare,1
DS2.xlsx,ambiguous_adverbs_adjectives,capadditional*major*national,1
DS2.xlsx,ambiguous_adverbs_adjectives,automatic*objective*common*sufficient*automatic,1
DS2.xlsx,ambiguous_adverbs_adjectives,original*original*original,1
DS2.xlsx,ambiguous_adverbs_adjectives,necessary*appropriate,1
DS2.xlsx,ambiguous_adverbs_adjectives,sufficient*appropriate*minimum*safe*other*safe*federal*single*single*capsufficient,1
DS2.xlsx,ambiguous_adverbs_adjectives,mean*equal,1
DS2.xlsx,ambiguous_adverbs_adjectives,full*specific*specific,1
DS2.xlsx,ambiguous_adverbs_adjectives,present*capsignal*capsignal*capvisual*maximum,1
DS2.xlsx,ambiguous_adverbs_adjectives,external*hard*current*hard,1
DS2.xlsx,ambiguous_adverbs_adjectives,necessary*necessary,1
DS2.xlsx,ambiguous_adverbs_adjectives,last*known*last*capminimum*necessary*last*known*current*current,1
DS2.xlsx,ambiguous_adverbs_adjectives,common*future*maximum*commercial*otherwise*specific*environmental*appropriate*electrical*electronic,1
DS2.xlsx,ambiguous_adverbs_adjectives,other*suitfuture*consistent*common*specific,1
DS2.xlsx,ambiguous_adverbs_adjectives,capminimum*single,1
DS2.xlsx,ambiguous_adverbs_adjectives,efficient*internal*internal*efficient,1
DS2.xlsx,ambiguous_adverbs_adjectives,prior*sensitive,1
DS2.xlsx,ambiguous_adverbs_adjectives,specific*future,1
DS2.xlsx,ambiguous_adverbs_adjectives,capcapproper*automatic,1
DS2.xlsx,ambiguous_adverbs_adjectives,live*several*other,1
DS2.xlsx,ambiguous_adverbs_adjectives,internal*internal*internal*internal,1
DS2.xlsx,ambiguous_adverbs_adjectives,other*capnational*hard*capcapable,1
DS2.xlsx,ambiguous_adverbs_adjectives,individual*technical*prior*initial*other*maximum*possible*general*common*resident*special*special*environmental*same,1
DS2.xlsx,ambiguous_adverbs_adjectives,cold*direct*low*appropriate*other*prior*critical*visual*visual*other*important*current*normal*appropriate*human*capfull*maximum*complex*logical*simple*immediate*necessary*safe*efficient*single*specific*constant*other*visual*primary*fine*visual*visual*minimum*necessary*visible*complete*minimum,1
DS2.xlsx,ambiguous_adverbs_adjectives,electrical*typical*specific*specific*specific,1
DS2.xlsx,ambiguous_adverbs_adjectives,sensitive*same,1
DS2.xlsx,ambiguous_adverbs_adjectives,prior*necessary,1
DS2.xlsx,ambiguous_adverbs_adjectives,mean,1
DS2.xlsx,ambiguous_adverbs_adjectives,future*independent*possible*other*open*open,1
DS2.xlsx,ambiguous_adverbs_adjectives,capautomatic*capautomatic*capautomatic,1
DS2.xlsx,ambiguous_adverbs_adjectives,proper*future*critical,1
DS2.xlsx,ambiguous_adverbs_adjectives,objective*objective*objective,1
DS2.xlsx,ambiguous_adverbs_adjectives,normal*particular*normal*particular,1
DS2.xlsx,ambiguous_adverbs_adjectives,united*specific*possible,1
DS2.xlsx,ambiguous_adverbs_adjectives,internal*hard*current*internal,1
DS2.xlsx,ambiguous_adverbs_adjectives,appropriate*proper,1
DS2.xlsx,ambiguous_adverbs_adjectives,possible*main*main,1
DS2.xlsx,ambiguous_adverbs_adjectives,great,1
DS2.xlsx,ambiguous_adverbs_adjectives,wrong*full,1
DS2.xlsx,ambiguous_adverbs_adjectives,new,1
DS2.xlsx,ambiguous_adverbs_adjectives,open*current*next*internal*current*previous*previous,1
DS2.xlsx,ambiguous_adverbs_adjectives,internal*previous*current*last*previous*previous,1
DS2.xlsx,ambiguous_adverbs_adjectives,current*simple,1
DS2.xlsx,ambiguous_adverbs_adjectives,common*patient*specific*other,1
DS2.xlsx,ambiguous_adverbs_adjectives,sensitive,1
DS2.xlsx,ambiguous_adverbs_adjectives,such*public*other*specific,1
DS2.xlsx,ambiguous_adverbs_adjectives,subject,1
DS2.xlsx,ambiguous_adverbs_adjectives,such*relevant,1
DS2.xlsx,ambiguous_adverbs_adjectives,possible*potential,1
DS2.xlsx,ambiguous_adverbs_adjectives,possible*national,1
DS2.xlsx,ambiguous_adverbs_adjectives,various,1
DS2.xlsx,ambiguous_adverbs_adjectives,other*effective,1
DS2.xlsx,ambiguous_adverbs_adjectives,professional,1
DS2.xlsx,ambiguous_adverbs_adjectives,specific*particular,1
DS2.xlsx,ambiguous_adverbs_adjectives,specific*secure*public*public,1
DS2.xlsx,ambiguous_adverbs_adjectives,accurate*still,1
DS2.xlsx,ambiguous_adverbs_adjectives,common*common*necessary,1
DS2.xlsx,ambiguous_adverbs_adjectives,standard*individual,1
DS2.xlsx,ambiguous_adverbs_adjectives,select,1
DS2.xlsx,ambiguous_adverbs_adjectives,original,1
DS2.xlsx,ambiguous_adverbs_adjectives,standard*medical,1
DS2.xlsx,ambiguous_adverbs_adjectives,additional*specific,1
DS2.xlsx,ambiguous_adverbs_adjectives,other*high*low,1
DS2.xlsx,ambiguous_adverbs_adjectives,potential*potential,1
DS2.xlsx,ambiguous_adverbs_adjectives,environmental*open,1
DS2.xlsx,ambiguous_adverbs_adjectives,environmental*other*environmental,1
DS2.xlsx,ambiguous_adverbs_adjectives,subject*other*overall*relevant,1
DS2.xlsx,ambiguous_adverbs_adjectives,environmental*possible*original,1
DS2.xlsx,ambiguous_adverbs_adjectives,short*dependent,1
DS2.xlsx,ambiguous_adverbs_adjectives,national*normal,1
DS2.xlsx,ambiguous_adverbs_adjectives,effective,1
DS2.xlsx,ambiguous_adverbs_adjectives,consistent*international,1
DS2.xlsx,ambiguous_adverbs_adjectives,other*possible*national*significant*national*national,1
DS2.xlsx,ambiguous_adverbs_adjectives,common*direct*direct*free*direct,1
DS2.xlsx,ambiguous_adverbs_adjectives,logical*different,1
DS2.xlsx,ambiguous_adverbs_adjectives,individual*public*national,1
DS2.xlsx,ambiguous_adverbs_adjectives,additional*other,1
DS2.xlsx,ambiguous_adverbs_adjectives,other*full*international,1
DS2.xlsx,ambiguous_adverbs_adjectives,successful*visual,1
DS2.xlsx,ambiguous_adverbs_adjectives,private*public*certain,1
DS2.xlsx,ambiguous_adverbs_adjectives,environmental*national*national*environmental*national*other,1
DS2.xlsx,ambiguous_adverbs_adjectives,general*suitable,1
DS2.xlsx,ambiguous_adverbs_adjectives,logical*general,1
DS2.xlsx,ambiguous_adverbs_adjectives,direct*normal,1
DS2.xlsx,ambiguous_adverbs_adjectives,specific*environmental,1
DS2.xlsx,ambiguous_adverbs_adjectives,consistent*particular*other*important*other,1
DS2.xlsx,ambiguous_adverbs_adjectives,certain*dependent*actual,1
DS2.xlsx,ambiguous_adverbs_adjectives,external*additional*physical,1
DS2.xlsx,ambiguous_adverbs_adjectives,common*basic*specific,1
DS2.xlsx,ambiguous_adverbs_adjectives,environmental*individual*specific,1
DS2.xlsx,ambiguous_adverbs_adjectives,different*individual,1
DS2.xlsx,ambiguous_adverbs_adjectives,international*distinct,1
DS2.xlsx,ambiguous_adverbs_adjectives,complete,1
DS2.xlsx,ambiguous_adverbs_adjectives,general*standard,1
DS2.xlsx,ambiguous_adverbs_adjectives,separate,1
DS2.xlsx,ambiguous_adverbs_adjectives,additional*different,1
DS2.xlsx,ambiguous_adverbs_adjectives,other*additional,1
DS2.xlsx,ambiguous_adverbs_adjectives,capmaximum,1
DS2.xlsx,ambiguous_adverbs_adjectives,high*other,1
DS2.xlsx,ambiguous_adverbs_adjectives,relevant*national*international,1
DS2.xlsx,ambiguous_adverbs_adjectives,capstandard*other,1
DS2.xlsx,ambiguous_adverbs_adjectives,international*additional*national,1
DS2.xlsx,ambiguous_adverbs_adjectives,capmain*normal,1
DS2.xlsx,ambiguous_adverbs_adjectives,actual,1
DS2.xlsx,ambiguous_adverbs_adjectives,immediate,1
DS2.xlsx,ambiguous_adverbs_adjectives,additional*main,1
DS2.xlsx,ambiguous_adverbs_adjectives,responsible*overall,1
DS2.xlsx,ambiguous_adverbs_adjectives,other*national,1
DS2.xlsx,ambiguous_adverbs_adjectives,direct*capable,1
DS2.xlsx,ambiguous_adverbs_adjectives,environmental*physical,1
DS2.xlsx,ambiguous_adverbs_adjectives,direct*possible,1
DS2.xlsx,ambiguous_adverbs_adjectives,appropriate*appropriate,1
DS2.xlsx,ambiguous_adverbs_adjectives,additional*important*public*public,1
DS2.xlsx,ambiguous_adverbs_adjectives,direct*maximum,1
DS2.xlsx,ambiguous_adverbs_adjectives,full*environmental*general*close*possible,1
DS2.xlsx,ambiguous_adverbs_adjectives,availprior*short*possible*technical*relevant*maximum,1
DS2.xlsx,ambiguous_adverbs_adjectives,different*useful,1
DS2.xlsx,ambiguous_adverbs_adjectives,correct,1
DS2.xlsx,ambiguous_adverbs_adjectives,open*national,1
DS2.xlsx,ambiguous_adverbs_adjectives,immediate*otherwise,1
DS2.xlsx,ambiguous_adverbs_adjectives,capenvironmental,1
DS2.xlsx,ambiguous_adverbs_adjectives,relative*short,1
DS2.xlsx,ambiguous_adverbs_adjectives,first*correct*current,1
DS2.xlsx,ambiguous_adverbs_adjectives,common*minimum*national,1
DS2.xlsx,ambiguous_adverbs_adjectives,primary*dependent*additional,1
DS2.xlsx,ambiguous_adverbs_adjectives,many*possible,1
DS2.xlsx,ambiguous_adverbs_adjectives,minimum*current,1
DS2.xlsx,ambiguous_adverbs_adjectives,national*distinct,1
DS2.xlsx,ambiguous_adverbs_adjectives,several*same*appropriate*relevant,1
DS2.xlsx,ambiguous_adverbs_adjectives,external*visual*current,1
DS2.xlsx,ambiguous_adverbs_adjectives,common*direct*direct,1
DS2.xlsx,ambiguous_adverbs_adjectives,large*high*necessary*suitnecessary,1
DS2.xlsx,ambiguous_adverbs_adjectives,availdirect,1
DS2.xlsx,ambiguous_adverbs_adjectives,many*specific,1
DS2.xlsx,ambiguous_adverbs_adjectives,slight,1
DS2.xlsx,ambiguous_adverbs_adjectives,availother,1
DS2.xlsx,ambiguous_adverbs_adjectives,general*capable,1
DS2.xlsx,ambiguous_adverbs_adjectives,normal*certain,1
DS2.xlsx,ambiguous_adverbs_adjectives,other*capable,1
DS2.xlsx,ambiguous_adverbs_adjectives,dependent*dependent,1
DS2.xlsx,ambiguous_adverbs_adjectives,international*national,1
DS2.xlsx,ambiguous_adverbs_adjectives,prior,1
DS2.xlsx,ambiguous_adverbs_adjectives,short*specific,1
DS2.xlsx,ambiguous_adverbs_adjectives,active*other*other*prior,1
DS2.xlsx,ambiguous_adverbs_adjectives,other*electrical,1
DS2.xlsx,ambiguous_adverbs_adjectives,maximum*certain,1
DS2.xlsx,ambiguous_adverbs_adjectives,short*first*equal,1
DS2.xlsx,ambiguous_adverbs_adjectives,important*public*specific*individual*difficult*acceptable,1
DS2.xlsx,ambiguous_adverbs_adjectives,international,1
DS2.xlsx,ambiguous_adverbs_adjectives,national*other*practical,1
DS2.xlsx,ambiguous_adverbs_adjectives,certain*short,1
DS2.xlsx,ambiguous_adverbs_adjectives,general*commercial,1
DS2.xlsx,ambiguous_adverbs_adjectives,national*significant*global,1
DS2.xlsx,ambiguous_adverbs_adjectives,appropriate*other,1
DS2.xlsx,ambiguous_adverbs_adjectives,particular*other*public*maximum,1
DS2.xlsx,ambiguous_adverbs_adjectives,accurate*short,1
DS2.xlsx,ambiguous_adverbs_adjectives,public,1
DS2.xlsx,ambiguous_adverbs_adjectives,other*same*additional,1
DS2.xlsx,ambiguous_adverbs_adjectives,other*sensitive*electrical,1
DS2.xlsx,ambiguous_adverbs_adjectives,national*prior,1
DS2.xlsx,ambiguous_adverbs_adjectives,personal,1
DS2.xlsx,ambiguous_adverbs_adjectives,many*personal*regular*appropriate*personal*appropriate,1
DS2.xlsx,ambiguous_adverbs_adjectives,only*accurate,1
DS2.xlsx,ambiguous_adverbs_adjectives,individual*national*individual*national,1
DS2.xlsx,ambiguous_adverbs_adjectives,other*different*necessary*certain,1
DS2.xlsx,ambiguous_adverbs_adjectives,general*general,1
DS2.xlsx,ambiguous_adverbs_adjectives,dependent,1
DS2.xlsx,ambiguous_adverbs_adjectives,high*necessary*necessary*different*different*administrative,1
DS2.xlsx,ambiguous_adverbs_adjectives,possible*appropriate,1
DS2.xlsx,ambiguous_adverbs_adjectives,first,1
DS2.xlsx,ambiguous_adverbs_adjectives,private,1
DS2.xlsx,ambiguous_adverbs_adjectives,special*certain*high*national*public,1
DS2.xlsx,ambiguous_adverbs_adjectives,capstandard,1
DS2.xlsx,ambiguous_adverbs_adjectives,national*public*relevant,1
DS2.xlsx,ambiguous_adverbs_adjectives,critical*special,1
DS2.xlsx,ambiguous_adverbs_adjectives,automatic*capsimple,1
DS2.xlsx,ambiguous_adverbs_adjectives,necessary*standard,1
DS2.xlsx,ambiguous_adverbs_adjectives,consistent*international*necessary,1
DS2.xlsx,ambiguous_adverbs_adjectives,short*national*certain*international,1
DS2.xlsx,ambiguous_adverbs_adjectives,high*public,1
DS2.xlsx,ambiguous_adverbs_adjectives,national*public*various*national*public,1
DS2.xlsx,ambiguous_adverbs_adjectives,direct*other,1
DS2.xlsx,ambiguous_adverbs_adjectives,environmental,1
DS2.xlsx,ambiguous_adverbs_adjectives,national*responsible*suitable,1
DS2.xlsx,ambiguous_adverbs_adjectives,normal*environmental,1
DS2.xlsx,ambiguous_adverbs_adjectives,high,1
DS2.xlsx,ambiguous_adverbs_adjectives,additional*general*general,1
DS2.xlsx,ambiguous_adverbs_adjectives,such*national*international,1
DS2.xlsx,ambiguous_adverbs_adjectives,other*real*other*enough,1
DS2.xlsx,ambiguous_adverbs_adjectives,high*other*other,1
DS2.xlsx,ambiguous_adverbs_adjectives,real*high*friendly*easy*same*sufficient*potential*right*real*real*friendly,1
DS2.xlsx,ambiguous_adverbs_adjectives,typical*high*high*potential*right*real*other*minor*helpful*high*several*real*common*overall*real*white*much*little*strong*several*many*real*real*several*positive*possible*main*short*various*certain*certain*important,1
DS2.xlsx,ambiguous_adverbs_adjectives,other*high*good,1
DS2.xlsx,ambiguous_adverbs_adjectives,real*recent,1
DS2.xlsx,ambiguous_adverbs_adjectives,good*white,1
DS2.xlsx,ambiguous_adverbs_adjectives,other*private,1
DS2.xlsx,ambiguous_adverbs_adjectives,real*other,1
DS2.xlsx,ambiguous_adverbs_adjectives,internal*real*internal*real*various,1
DS2.xlsx,ambiguous_adverbs_adjectives,much,1
DS2.xlsx,ambiguous_adverbs_adjectives,consistent*additional*important*specific*possible*relative*various,1
DS2.xlsx,ambiguous_adverbs_adjectives,recent*real*recent*personal,1
DS2.xlsx,ambiguous_adverbs_adjectives,wide*high,1
DS2.xlsx,ambiguous_adverbs_adjectives,other*real*same,1
DS2.xlsx,ambiguous_adverbs_adjectives,real*high*short*slow*current*good,1
DS2.xlsx,ambiguous_adverbs_adjectives,major*high*additional*professional*current*other*other,1
DS2.xlsx,ambiguous_adverbs_adjectives,real*future,1
DS2.xlsx,ambiguous_adverbs_adjectives,then,1
DS2.xlsx,ambiguous_adverbs_adjectives,right,1
DS2.xlsx,ambiguous_adverbs_adjectives,top*same,1
DS2.xlsx,ambiguous_adverbs_adjectives,reasonable,1
DS2.xlsx,ambiguous_adverbs_adjectives,appropriate*prior,1
DS2.xlsx,loopholes,-,998
DS2.xlsx,loopholes,minimum,41
DS2.xlsx,loopholes,full,10
DS2.xlsx,loopholes,maximum,8
DS2.xlsx,loopholes,most,6
DS2.xlsx,loopholes,minimize,5
DS2.xlsx,loopholes,best,5
DS2.xlsx,loopholes,maximum*maximum,4
DS2.xlsx,loopholes,minimum*minimum,3
DS2.xlsx,loopholes,maximize,2
DS2.xlsx,loopholes,full*full,1
DS2.xlsx,loopholes,most*maximize*minimum*preferably,1
DS2.xlsx,loopholes,minimum*minimum*full,1
DS2.xlsx,loopholes,most*maximum,1
DS2.xlsx,loopholes,minimum*full,1
DS2.xlsx,loopholes,minimum*maximum,1
DS2.xlsx,loopholes,maximum*best,1
DS2.xlsx,loopholes,maximum*minimum,1
DS2.xlsx,loopholes,minimum*full*maximum*maximum*minimize*minimum*minimum*minimum,1
DS2.xlsx,loopholes,minimize*maximum,1
DS2.xlsx,open_ended,-,958
DS2.xlsx,open_ended,appropriate,37
DS2.xlsx,open_ended,well,24
DS2.xlsx,open_ended,suitable,10
DS2.xlsx,open_ended,full,9
DS2.xlsx,open_ended,rather,7
DS2.xlsx,open_ended,ok,4
DS2.xlsx,open_ended,quite,3
DS2.xlsx,open_ended,complete,3
DS2.xlsx,open_ended,well*well,3
DS2.xlsx,open_ended,acceptable,3
DS2.xlsx,open_ended,average,2
DS2.xlsx,open_ended,appropriate*appropriate,2
DS2.xlsx,open_ended,adequate,2
DS2.xlsx,open_ended,well*proper,2
DS2.xlsx,open_ended,good,2
DS2.xlsx,open_ended,complete*adequately*rather,1
DS2.xlsx,open_ended,suitfull*full,1
DS2.xlsx,open_ended,acceptwell*well,1
DS2.xlsx,open_ended,fairly,1
DS2.xlsx,open_ended,competent,1
DS2.xlsx,open_ended,full*acceptable,1
DS2.xlsx,open_ended,well*suitable,1
DS2.xlsx,open_ended,appropriate*well,1
DS2.xlsx,open_ended,well*full,1
DS2.xlsx,open_ended,appropriate*full*well*well*well*well*well,1
DS2.xlsx,open_ended,adequate*appropriate,1
DS2.xlsx,open_ended,appropriate*well*well,1
DS2.xlsx,open_ended,proper*well*well,1
DS2.xlsx,open_ended,well*well*well,1
DS2.xlsx,open_ended,appropriate*appropriate*well*full*well*well*well*well*well*well*well*well*complete,1
DS2.xlsx,open_ended,proper,1
DS2.xlsx,open_ended,well*well*appropriate*proper,1
DS2.xlsx,open_ended,rather*appropriate*appropriate,1
DS2.xlsx,open_ended,enough,1
DS2.xlsx,open_ended,adequate*satisfactory*good,1
DS2.xlsx,open_ended,right,1
DS2.xlsx,superlatives,-,1061
DS2.xlsx,superlatives,least,10
DS2.xlsx,superlatives,most,7
DS2.xlsx,superlatives,best,6
DS2.xlsx,superlatives,highest,4
DS2.xlsx,superlatives,most*least,1
DS2.xlsx,superlatives,simplest,1
DS2.xlsx,superlatives,least*least*least*least,1
DS2.xlsx,superlatives,greatest,1
DS2.xlsx,comparatives,-,1036
DS2.xlsx,comparatives,more,19
DS2.xlsx,comparatives,higher,6
DS2.xlsx,comparatives,greater,6
DS2.xlsx,comparatives,lower,4
DS2.xlsx,comparatives,better,3
DS2.xlsx,comparatives,more*more,3
DS2.xlsx,comparatives,less,2
DS2.xlsx,comparatives,more*more*more,1
DS2.xlsx,comparatives,earlier*more,1
DS2.xlsx,comparatives,longer,1
DS2.xlsx,comparatives,friendlier,1
DS2.xlsx,comparatives,later,1
DS2.xlsx,comparatives,less*lower*greater*less*lower*greater,1
DS2.xlsx,comparatives,less*less,1
DS2.xlsx,comparatives,greater*outrider*smaller,1
DS2.xlsx,comparatives,less*greater,1
DS2.xlsx,comparatives,faster*more,1
DS2.xlsx,comparatives,more*higher,1
DS2.xlsx,comparatives,more*weather*better*more*easier*less*more*more*shorter*more*less,1
DS2.xlsx,comparatives,better*cleaner*safer,1
DS2.xlsx,negative_statements,-,963
DS2.xlsx,negative_statements,not,76
DS2.xlsx,negative_statements,no,22
DS2.xlsx,negative_statements,not*not,18
DS2.xlsx,negative_statements,no*no,3
DS2.xlsx,negative_statements,n't,2
DS2.xlsx,negative_statements,no*not*not,1
DS2.xlsx,negative_statements,not*not*not*not*not,1
DS2.xlsx,negative_statements,not*no,1
DS2.xlsx,negative_statements,no*no*not,1
DS2.xlsx,negative_statements,not*not*not*not,1
DS2.xlsx,negative_statements,not*no*no,1
DS2.xlsx,negative_statements,no*not,1
DS2.xlsx,negative_statements,not*not*not,1
DS2.xlsx,vague_pronouns,-,1051
DS2.xlsx,vague_pronouns,who,13
DS2.xlsx,vague_pronouns,'s,7
DS2.xlsx,vague_pronouns,it,4
DS2.xlsx,vague_pronouns,what,3
DS2.xlsx,vague_pronouns,whose,2
DS2.xlsx,vague_pronouns,'s*'s,2
DS2.xlsx,vague_pronouns,',2
DS2.xlsx,vague_pronouns,who*what,1
DS2.xlsx,vague_pronouns,'s*'s*'s,1
DS2.xlsx,vague_pronouns,this,1
DS2.xlsx,vague_pronouns,that,1
DS2.xlsx,vague_pronouns,whichever,1
DS2.xlsx,vague_pronouns,who*who*who,1
DS2.xlsx,vague_pronouns,who*who,1
DS2.xlsx,vague_pronouns,who*who*who*who,1
DS3.xlsx,subjective_language,-,1446
DS3.xlsx,subjective_language,easy,12
DS3.xlsx,subjective_language,specific,5
DS3.xlsx,subjective_language,easily,4
DS3.xlsx,subjective_language,clear,3
DS3.xlsx,subjective_language,self-explanatory,2
DS3.xlsx,subjective_language,easy to use,2
DS3.xlsx,subjective_language,professional appearance,2
DS3.xlsx,subjective_language,familiar,2
DS3.xlsx,subjective_language,appropriately,2
DS3.xlsx,subjective_language,sufficient,2
DS3.xlsx,subjective_language,normal,1
DS3.xlsx,subjective_language,fast,1
DS3.xlsx,subjective_language,professional,1
DS3.xlsx,subjective_language,satisfied,1
DS3.xlsx,subjective_language,easy to learn,1
DS3.xlsx,subjective_language,malicious attacks,1
DS3.xlsx,subjective_language,original search,1
DS3.xlsx,subjective_language,attractive,1
DS3.xlsx,subjective_language,modern*clean,1
DS3.xlsx,subjective_language,maximum,1
DS3.xlsx,subjective_language,appropriate,1
DS3.xlsx,subjective_language,appealing,1
DS3.xlsx,subjective_language,intuitive*self explanatory,1
DS3.xlsx,subjective_language,understandable,1
DS3.xlsx,subjective_language,stipulated*easily,1
DS3.xlsx,subjective_language,specified,1
DS3.xlsx,subjective_language,familiar*common,1
DS3.xlsx,subjective_language,special needs,1
DS3.xlsx,subjective_language,easy to use*intuitive,1
DS3.xlsx,subjective_language,useful,1
DS3.xlsx,subjective_language,certain,1
DS3.xlsx,subjective_language,clearly*distinguishable,1
DS3.xlsx,subjective_language,specific*friendly,1
DS3.xlsx,subjective_language,specific train,1
DS3.xlsx,subjective_language,special classes,1
DS3.xlsx,subjective_language,certain time,1
DS3.xlsx,subjective_language,particular area*specific train,1
DS3.xlsx,subjective_language,certain users,1
DS3.xlsx,subjective_language,special requirements,1
DS3.xlsx,subjective_language,stringent,1
DS3.xlsx,subjective_language,clearly,1
DS3.xlsx,subjective_language,rugged,1
DS3.xlsx,subjective_language,certain functions ,1
DS3.xlsx,subjective_language,standardised,1
DS3.xlsx,subjective_language,simple to use,1
DS3.xlsx,subjective_language,sensitive information,1
DS3.xlsx,subjective_language,consistent*clear,1
DS3.xlsx,subjective_language,extremely,1
DS3.xlsx,subjective_language,malicious requests,1
DS3.xlsx,subjective_language,effective content,1
DS3.xlsx,ambiguous_adverbs_adjectives,-,1484
DS3.xlsx,ambiguous_adverbs_adjectives,minimum,8
DS3.xlsx,ambiguous_adverbs_adjectives,different,3
DS3.xlsx,ambiguous_adverbs_adjectives,specified,3
DS3.xlsx,ambiguous_adverbs_adjectives,accurately,2
DS3.xlsx,ambiguous_adverbs_adjectives,large,2
DS3.xlsx,ambiguous_adverbs_adjectives,later,1
DS3.xlsx,ambiguous_adverbs_adjectives,a few,1
DS3.xlsx,ambiguous_adverbs_adjectives,various,1
DS3.xlsx,ambiguous_adverbs_adjectives,period*various,1
DS3.xlsx,ambiguous_adverbs_adjectives,high,1
DS3.xlsx,ambiguous_adverbs_adjectives,medium,1
DS3.xlsx,ambiguous_adverbs_adjectives,low,1
DS3.xlsx,ambiguous_adverbs_adjectives,easy,1
DS3.xlsx,ambiguous_adverbs_adjectives,timely manner,1
DS3.xlsx,ambiguous_adverbs_adjectives,meaningful,1
DS3.xlsx,ambiguous_adverbs_adjectives,small,1
DS3.xlsx,ambiguous_adverbs_adjectives,several,1
DS3.xlsx,ambiguous_adverbs_adjectives,specific,1
DS3.xlsx,ambiguous_adverbs_adjectives,too long,1
DS3.xlsx,ambiguous_adverbs_adjectives,minimal,1
DS3.xlsx,ambiguous_adverbs_adjectives,short,1
DS3.xlsx,ambiguous_adverbs_adjectives,specified*quickly,1
DS3.xlsx,ambiguous_adverbs_adjectives,some ,1
DS3.xlsx,ambiguous_adverbs_adjectives,too large,1
DS3.xlsx,ambiguous_adverbs_adjectives,long-term,1
DS3.xlsx,loopholes,-,1502
DS3.xlsx,loopholes,possible,13
DS3.xlsx,loopholes,as robust as possible,1
DS3.xlsx,loopholes,as well as,1
DS3.xlsx,loopholes,if possible,1
DS3.xlsx,loopholes,As far as possible,1
DS3.xlsx,loopholes,as simple as possible,1
DS3.xlsx,loopholes,as close as possible,1
DS3.xlsx,loopholes,as soon as possible,1
DS3.xlsx,open_ended,-,1477
DS3.xlsx,open_ended,appropriate,11
DS3.xlsx,open_ended,sufficient,3
DS3.xlsx,open_ended,suitable,3
DS3.xlsx,open_ended,readable,1
DS3.xlsx,open_ended,understandable,1
DS3.xlsx,open_ended,intuitive,1
DS3.xlsx,open_ended,graph,1
DS3.xlsx,open_ended,disputable,1
DS3.xlsx,open_ended,professional,1
DS3.xlsx,open_ended,original search,1
DS3.xlsx,open_ended,concise,1
DS3.xlsx,open_ended,maximum,1
DS3.xlsx,open_ended,acceptable,1
DS3.xlsx,open_ended, ,1
DS3.xlsx,open_ended,malicious,1
DS3.xlsx,open_ended,assumed,1
DS3.xlsx,open_ended,possible,1
DS3.xlsx,open_ended,variaty,1
DS3.xlsx,open_ended,necessary information,1
DS3.xlsx,open_ended, possible ,1
DS3.xlsx,open_ended, possible,1
DS3.xlsx,open_ended,appropriately,1
DS3.xlsx,open_ended,pre-determined*suitable,1
DS3.xlsx,open_ended,sufficient*audible ,1
DS3.xlsx,open_ended,periodic,1
DS3.xlsx,open_ended,sensitive information,1
DS3.xlsx,open_ended,consecutive ,1
DS3.xlsx,open_ended,consistent*clear,1
DS3.xlsx,open_ended,necessary content,1
DS3.xlsx,open_ended,malicious requests,1
DS3.xlsx,open_ended,satisfaction,1
DS3.xlsx,superlatives,-,1518
DS3.xlsx,superlatives,least,1
DS3.xlsx,superlatives,the most restrictive,1
DS3.xlsx,superlatives,maximum,1
DS3.xlsx,superlatives,most appropriate,1
DS3.xlsx,comparatives,-,1522
DS3.xlsx,negative_statements,-,1506
DS3.xlsx,negative_statements,not,9
DS3.xlsx,negative_statements,prevent,1
DS3.xlsx,negative_statements,cannot,1
DS3.xlsx,negative_statements,avoided,1
DS3.xlsx,negative_statements,avoiding*not,1
DS3.xlsx,negative_statements,avoiding,1
DS3.xlsx,negative_statements,rejected,1
DS3.xlsx,negative_statements,no mobile,1
DS3.xlsx,vague_pronouns,-,1507
DS3.xlsx,vague_pronouns,that,9
DS3.xlsx,vague_pronouns,which,4
DS3.xlsx,vague_pronouns,easily,1
DS3.xlsx,vague_pronouns,where,1
DS4.xlsx,superlative,-,1106
DS4.xlsx,superlative,least,23
DS4.xlsx,superlative,most,7
DS4.xlsx,superlative,highest,4
DS4.xlsx,superlative,least*least,2
DS4.xlsx,superlative,leastleast,2
DS4.xlsx,superlative,worst,2
DS4.xlsx,superlative,longest,1
DS4.xlsx,superlative,Mostbest,1
DS4.xlsx,superlative,best,1
DS4.xlsx,superlative,Most,1
DS4.xlsx,superlative,nearest,1
DS4.xlsx,superlative,largest,1
DS4.xlsx,superlative,lowest,1
DS4.xlsx,vague_pronuns,-,869
DS4.xlsx,vague_pronuns,all*,104
DS4.xlsx,vague_pronuns,any*,39
DS4.xlsx,vague_pronuns,each*,25
DS4.xlsx,vague_pronuns,least*,15
DS4.xlsx,vague_pronuns,one*,11
DS4.xlsx,vague_pronuns,all*all*,9
DS4.xlsx,vague_pronuns,less*,7
DS4.xlsx,vague_pronuns,one*one*,4
DS4.xlsx,vague_pronuns,any*any*,4
DS4.xlsx,vague_pronuns,all*least*,4
DS4.xlsx,vague_pronuns,each*each*,4
DS4.xlsx,vague_pronuns,each*any*,4
DS4.xlsx,vague_pronuns,any*all*,3
DS4.xlsx,vague_pronuns,another*,3
DS4.xlsx,vague_pronuns,any*one*,3
DS4.xlsx,vague_pronuns,enough*,3
DS4.xlsx,vague_pronuns,one*one*one*one*,2
DS4.xlsx,vague_pronuns,all*all*all*,2
DS4.xlsx,vague_pronuns,all*any*,2
DS4.xlsx,vague_pronuns,either*all*,2
DS4.xlsx,vague_pronuns,each*all*,2
DS4.xlsx,vague_pronuns,each*least*any*,2
DS4.xlsx,vague_pronuns,least*one*many*,1
DS4.xlsx,vague_pronuns,least*each*,1
DS4.xlsx,vague_pronuns,all*all*all*all*least*least*,1
DS4.xlsx,vague_pronuns,all*much*,1
DS4.xlsx,vague_pronuns,one*one*any*,1
DS4.xlsx,vague_pronuns,any*all*all*,1
DS4.xlsx,vague_pronuns,any*any*one*,1
DS4.xlsx,vague_pronuns,everything*everything*everything*,1
DS4.xlsx,vague_pronuns,one*one*neither*,1
DS4.xlsx,vague_pronuns,some*least*least*all*,1
DS4.xlsx,vague_pronuns,someone*,1
DS4.xlsx,vague_pronuns,either*,1
DS4.xlsx,vague_pronuns,all*all*any*,1
DS4.xlsx,vague_pronuns,each*less*,1
DS4.xlsx,vague_pronuns,all*each*,1
DS4.xlsx,vague_pronuns,many*,1
DS4.xlsx,vague_pronuns,each*one*each*,1
DS4.xlsx,vague_pronuns,least*least*,1
DS4.xlsx,vague_pronuns,another*any*,1
DS4.xlsx,vague_pronuns,one*each*one*,1
DS4.xlsx,vague_pronuns,one*all*,1
DS4.xlsx,vague_pronuns,some*,1
DS4.xlsx,vague_pronuns,all*one*each*each*,1
DS4.xlsx,vague_pronuns,another*another*,1
DS4.xlsx,vague_pronuns,one*another*,1
DS4.xlsx,vague_pronuns,either*all*all*,1
DS4.xlsx,vague_pronuns,each*least*each*all*least*each*one*,1
DS4.xlsx,vague_pronuns,each*each*all*,1
DS4.xlsx,vague_pronuns,all*any*one*any*,1
DS4.xlsx,vague_pronuns,each*all*all*,1
DS4.xlsx,Compratives,-,1089
DS4.xlsx,Compratives,more,22
DS4.xlsx,Compratives,greater,8
DS4.xlsx,Compratives,longer,6
DS4.xlsx,Compratives,less,6
DS4.xlsx,Compratives,more*more,4
DS4.xlsx,Compratives,better,3
DS4.xlsx,Compratives,more*higher,2
DS4.xlsx,Compratives,higher*higher,2
DS4.xlsx,Compratives,lower,2
DS4.xlsx,Compratives,more*more*more,1
DS4.xlsx,Compratives,more*more*more*more*more*more*more*more*more,1
DS4.xlsx,Compratives,browser,1
DS4.xlsx,Compratives,longer*less,1
DS4.xlsx,Compratives,greater*greater,1
DS4.xlsx,Compratives,on/off,1
DS4.xlsx,Compratives,Higher*higher*lower,1
DS4.xlsx,Compratives,higher,1
DS4.xlsx,Compratives,greater*smaller,1
DS4.xlsx,Ambiguouse_adverb_and_adjective,-,1140
DS4.xlsx,Ambiguouse_adverb_and_adjective,minimal*,5
DS4.xlsx,Ambiguouse_adverb_and_adjective,may*,5
DS4.xlsx,Ambiguouse_adverb_and_adjective,much*,1
DS4.xlsx,Ambiguouse_adverb_and_adjective,significant*bit*,1
DS4.xlsx,Ambiguouse_adverb_and_adjective,significant*,1
DS4.xlsx,negative_sentence,-,1021
DS4.xlsx,negative_sentence,not*,91
DS4.xlsx,negative_sentence,without*,21
DS4.xlsx,negative_sentence,not*not*,15
DS4.xlsx,negative_sentence,not*not*not*not*not*,1
DS4.xlsx,negative_sentence,neither*,1
DS4.xlsx,negative_sentence,not*not*not*,1
DS4.xlsx,negative_sentence,not*not*not*not*,1
DS4.xlsx,negative_sentence,never*,1
DS4.xlsx,looples,-,1152
DS4.xlsx,looples,optionally*,1
DS4.xlsx,Open ended NonVarifiable,-,1038
DS4.xlsx,Open ended NonVarifiable,support*,47
DS4.xlsx,Open ended NonVarifiable,minimum*,36
DS4.xlsx,Open ended NonVarifiable,sufficient*,9
DS4.xlsx,Open ended NonVarifiable,maximum*,7
DS4.xlsx,Open ended NonVarifiable,improve*,3
DS4.xlsx,Open ended NonVarifiable,minimum*maximum*,2
DS4.xlsx,Open ended NonVarifiable,support*support*,2
DS4.xlsx,Open ended NonVarifiable,support*many*,1
DS4.xlsx,Open ended NonVarifiable,sufficient*sufficient*,1
DS4.xlsx,Open ended NonVarifiable,improve*support*,1
DS4.xlsx,Open ended NonVarifiable,maximum*many*,1
DS4.xlsx,Open ended NonVarifiable,minimum*minimum*,1
DS4.xlsx,Open ended NonVarifiable,sufficient*support*,1
DS4.xlsx,Open ended NonVarifiable,minimize*minimize*minimize*improve*,1
DS4.xlsx,Open ended NonVarifiable,maximum*support*,1
DS4.xlsx,Open ended NonVarifiable,minimize*,1
DS4.xlsx,Subjective Language,-,1127
DS4.xlsx,Subjective Language,normal*,9
DS4.xlsx,Subjective Language,average*,3
DS4.xlsx,Subjective Language,fast*,3
DS4.xlsx,Subjective Language,efficient*,3
DS4.xlsx,Subjective Language,easy*,2
DS4.xlsx,Subjective Language,large*,2
DS4.xlsx,Subjective Language,friendly*,1
DS4.xlsx,Subjective Language,effective*,1
DS4.xlsx,Subjective Language,simple*,1
DS4.xlsx,Subjective Language,rapid*,1
SmellyWordsDictionary.xlsx,Subjective Language,<MISSING>,898
SmellyWordsDictionary.xlsx,Subjective Language,T,102
SmellyWordsDictionary.xlsx,"Ambiguous Adv, Adj",<MISSING>,962
SmellyWordsDictionary.xlsx,"Ambiguous Adv, Adj",T,38
SmellyWordsDictionary.xlsx,Loopholes,<MISSING>,1000
SmellyWordsDictionary.xlsx,"Open-ended, Non-verifiable terms",<MISSING>,977
SmellyWordsDictionary.xlsx,"Open-ended, Non-verifiable terms",T,23
SmellyWordsDictionary.xlsx,Polysemy,<MISSING>,946
SmellyWordsDictionary.xlsx,Polysemy,T,54
SmellyWordsDictionary.xlsx,Irrelevant,<MISSING>,973
SmellyWordsDictionary.xlsx,Irrelevant,T,27
