file_name,source_path,rows,columns_count,column_names,missing_cells,duplicate_rows,read_status
basic.csv,C:\Users\shero\OneDrive - Sri Lanka Institute of Information Technology\Research Project\DataSets\comparison_datasets\2_synthetic_reqs\basic.csv,500.0,1.0,"[""requirement""]",0.0,6.0,success
brown.csv,C:\Users\shero\OneDrive - Sri Lanka Institute of Information Technology\Research Project\DataSets\comparison_datasets\3_generic_text\brown.csv,57340.0,7.0,"[""filename"", ""para_id"", ""sent_id"", ""raw_text"", ""tokenized_text"", ""tokenized_pos"", ""label""]",0.0,0.0,success
context.csv,C:\Users\shero\OneDrive - Sri Lanka Institute of Information Technology\Research Project\DataSets\comparison_datasets\2_synthetic_reqs\context.csv,500.0,1.0,"[""requirement""]",0.0,0.0,success
context_role.csv,C:\Users\shero\OneDrive - Sri Lanka Institute of Information Technology\Research Project\DataSets\comparison_datasets\2_synthetic_reqs\context_role.csv,500.0,1.0,"[""requirement""]",0.0,0.0,success
PROMISE-relabeled-NICE.csv,C:\Users\shero\OneDrive - Sri Lanka Institute of Information Technology\Research Project\DataSets\PROMISE-relabeled-NICE.csv,622.0,16.0,"[""ProjectID"", ""RequirementText"", ""IsFunctional"", ""IsQuality"", ""Availability (A)"", ""Fault Tolerance (FT)"", ""Legal (L)"", ""Look & Feel (LF)"", ""Maintainability (MN)"", ""Operability (O)"", ""Performance (PE)"", ""Portability (PO)"", ""Scalability (SC)"", ""Security (SE)"", ""Usability (US)"", ""Other (OT)""]",0.0,0.0,success
promise.csv,C:\Users\shero\OneDrive - Sri Lanka Institute of Information Technology\Research Project\DataSets\comparison_datasets\1_real_life_reqs\promise.csv,625.0,2.0,"[""requirement"", ""label""]",0.0,1.0,success
pure_subset.csv,C:\Users\shero\OneDrive - Sri Lanka Institute of Information Technology\Research Project\DataSets\comparison_datasets\1_real_life_reqs\pure_subset.csv,,,,,,error: 'utf-8' codec can't decode byte 0x97 in position 5: invalid start byte
QuRE.csv,C:\Users\shero\OneDrive - Sri Lanka Institute of Information Technology\Research Project\DataSets\QuRE.csv,2187.0,4.0,"[""id"", ""requirement"", ""defect"", ""weak_word""]",0.0,0.0,success
security_requirements.csv,C:\Users\shero\OneDrive - Sri Lanka Institute of Information Technology\Research Project\DataSets\comparison_datasets\1_real_life_reqs\security_requirements.csv,511.0,2.0,"[""requirement"", ""contains_sec""]",0.0,66.0,success
software_requirements_extended.csv,C:\Users\shero\OneDrive - Sri Lanka Institute of Information Technology\Research Project\DataSets\software_requirements_extended.csv,977.0,2.0,"[""Type"", ""Requirement""]",0.0,0.0,success
user_stories.csv,C:\Users\shero\OneDrive - Sri Lanka Institute of Information Technology\Research Project\DataSets\comparison_datasets\1_real_life_reqs\user_stories.csv,1680.0,3.0,"[""requirement"", ""source_file"", ""line_number""]",0.0,0.0,success
001_dataset1kv1.xlsx,C:\Users\shero\OneDrive - Sri Lanka Institute of Information Technology\Research Project\DataSets\ARTADataset_release1\DS1_Evaluation\001_dataset1kv1.xlsx,985.0,12.0,"[""Requirement_text"", ""File"", ""Subjective_lang."", ""Ambiguous_adv._adj."", ""Loophole"", ""Nonverifiable_term"", ""Superlative"", ""Comparative"", ""Negative"", ""Vague_pron."", ""Uncertain_verb"", ""Polysemy""]",0.0,4.0,success
002_dataset1kv1_smell_frequency_with_testability.xlsx,C:\Users\shero\OneDrive - Sri Lanka Institute of Information Technology\Research Project\DataSets\ARTADataset_release1\DS1_Evaluation\002_dataset1kv1_smell_frequency_with_testability.xlsx,985.0,19.0,"[""Unnamed: 0.1"", ""Unnamed: 0"", ""ReqId"", ""ReqTxt"", ""Project"", ""Words"", ""SmellyWords"", ""CleanWords"", ""Subjective"", ""Ambiguous"", ""NonVerifiable"", ""Superlative"", ""Comparative"", ""Negative"", ""VaguePron."", ""UncertainVerb"", ""Polysemy"", ""Cleanness"", ""Testability""]",0.0,0.0,success
003_dataset1kv1_ARTA_result.xlsx,C:\Users\shero\OneDrive - Sri Lanka Institute of Information Technology\Research Project\DataSets\ARTADataset_release1\DS1_Evaluation\003_dataset1kv1_ARTA_result.xlsx,985.0,12.0,"[""Requirement_text"", ""File"", ""Subjective_lang."", ""Ambiguous_adv._adj."", ""Loophole"", ""Nonverifiable_term"", ""Superlative"", ""Comparative"", ""Negative"", ""Vague_pron."", ""Uncertain_verb"", ""Polysemy""]",0.0,7.0,success
004_dataset1kv1_ARTA_result_smell_frequency_with_testability.xlsx,C:\Users\shero\OneDrive - Sri Lanka Institute of Information Technology\Research Project\DataSets\ARTADataset_release1\DS1_Evaluation\004_dataset1kv1_ARTA_result_smell_frequency_with_testability.xlsx,985.0,18.0,"[""Unnamed: 0"", ""ReqId"", ""ReqTxt"", ""Project"", ""Words"", ""SmellyWords"", ""CleanWords"", ""Subjective"", ""Ambiguous"", ""NonVerifiable"", ""Superlative"", ""Comparative"", ""Negative"", ""VaguePron."", ""UncertainVerb"", ""Polysemy"", ""Cleanness"", ""Testability""]",0.0,0.0,success
005_dataset1kv1_Smella_result.xlsx,C:\Users\shero\OneDrive - Sri Lanka Institute of Information Technology\Research Project\DataSets\ARTADataset_release1\DS1_Evaluation\005_dataset1kv1_Smella_result.xlsx,985.0,12.0,"[""Requirement_text"", ""File"", ""Subjective_lang."", ""Ambiguous_adv._adj."", ""Loophole"", ""Nonverifiable_term"", ""Superlative"", ""Comparative"", ""Negative"", ""Vague_pron."", ""Uncertain_verb"", ""Polysemy""]",0.0,7.0,success
006_dataset1kv1_Smella_result_smell_frequency_with_testability.xlsx,C:\Users\shero\OneDrive - Sri Lanka Institute of Information Technology\Research Project\DataSets\ARTADataset_release1\DS1_Evaluation\006_dataset1kv1_Smella_result_smell_frequency_with_testability.xlsx,985.0,18.0,"[""Unnamed: 0"", ""ReqId"", ""ReqTxt"", ""Project"", ""Words"", ""SmellyWords"", ""CleanWords"", ""Subjective"", ""Ambiguous"", ""NonVerifiable"", ""Superlative"", ""Comparative"", ""Negative"", ""VaguePron."", ""UncertainVerb"", ""Polysemy"", ""Cleanness"", ""Testability""]",0.0,0.0,success
Cornelius_2025_user_story_ambiguity_dataset.xlsx,C:\Users\shero\OneDrive - Sri Lanka Institute of Information Technology\Research Project\DataSets\User Story Ambiguity Dataset A Comprehensive Resea\Cornelius_2025_user_story_ambiguity_dataset.xlsx,12847.0,24.0,"[""StoryID"", ""CompanyID"", ""ProjectID"", ""StoryText"", ""WordCount"", ""CreationDate"", ""Domain"", ""CompanySize"", ""AgileExperience"", ""TeamSize"", ""HasAmbiguity"", ""AmbiguityCount"", ""SemanticAmbiguity"", ""ScopeAmbiguity"", ""ActorAmbiguity"", ""AcceptanceAmbiguity"", ""DependencyAmbiguity"", ""PriorityAmbiguity"", ""TechnicalAmbiguity"", ""DefectCount"", ""DevelopmentTime"", ""StoryPoints"", ""CustomerSatisfaction"", ""CompletionStatus""]",0.0,0.0,success
Cornelius_research_subsets.xlsx,C:\Users\shero\OneDrive - Sri Lanka Institute of Information Technology\Research Project\DataSets\User Story Ambiguity Dataset A Comprehensive Resea\Cornelius_research_subsets.xlsx,5653.0,24.0,"[""StoryID"", ""CompanyID"", ""ProjectID"", ""StoryText"", ""WordCount"", ""CreationDate"", ""Domain"", ""CompanySize"", ""AgileExperience"", ""TeamSize"", ""HasAmbiguity"", ""AmbiguityCount"", ""SemanticAmbiguity"", ""ScopeAmbiguity"", ""ActorAmbiguity"", ""AcceptanceAmbiguity"", ""DependencyAmbiguity"", ""PriorityAmbiguity"", ""TechnicalAmbiguity"", ""DefectCount"", ""DevelopmentTime"", ""StoryPoints"", ""CustomerSatisfaction"", ""CompletionStatus""]",0.0,0.0,success
Cornelius_user_story_data_dictionary.xlsx,C:\Users\shero\OneDrive - Sri Lanka Institute of Information Technology\Research Project\DataSets\User Story Ambiguity Dataset A Comprehensive Resea\Cornelius_user_story_data_dictionary.xlsx,24.0,4.0,"[""Column Name"", ""Data Type"", ""Description"", ""Example Values""]",0.0,0.0,success
dataset1kv1_ARTA_evaluation_metrics.xlsx,C:\Users\shero\OneDrive - Sri Lanka Institute of Information Technology\Research Project\DataSets\ARTADataset_release1\DS1_Evaluation\testability\dataset1kv1_ARTA_evaluation_metrics.xlsx,1.0,13.0,"[""Row"", ""r2_score_uniform_average"", ""r2_score_variance_weighted"", ""explained_variance_score_uniform_average"", ""explained_variance_score_variance_weighted"", ""mean_absolute_error"", ""mean_squared_error_MSE"", ""mean_squared_error_RMSE"", ""median_absolute_error"", ""mean_squared_log_error"", ""mean_poisson_deviance"", ""mean_gamma_deviance"", ""max_error""]",0.0,0.0,success
dataset1kv1_ARTA_evaluation_metrics_1_EIRENE.xlsx,C:\Users\shero\OneDrive - Sri Lanka Institute of Information Technology\Research Project\DataSets\ARTADataset_release1\DS1_Evaluation\testability\dataset1kv1_ARTA_evaluation_metrics_1_EIRENE.xlsx,1.0,13.0,"[""Row"", ""r2_score_uniform_average"", ""r2_score_variance_weighted"", ""explained_variance_score_uniform_average"", ""explained_variance_score_variance_weighted"", ""mean_absolute_error"", ""mean_squared_error_MSE"", ""mean_squared_error_RMSE"", ""median_absolute_error"", ""mean_squared_log_error"", ""mean_poisson_deviance"", ""mean_gamma_deviance"", ""max_error""]",0.0,0.0,success
dataset1kv1_ARTA_evaluation_metrics_2_ERTMS.xlsx,C:\Users\shero\OneDrive - Sri Lanka Institute of Information Technology\Research Project\DataSets\ARTADataset_release1\DS1_Evaluation\testability\dataset1kv1_ARTA_evaluation_metrics_2_ERTMS.xlsx,1.0,13.0,"[""Row"", ""r2_score_uniform_average"", ""r2_score_variance_weighted"", ""explained_variance_score_uniform_average"", ""explained_variance_score_variance_weighted"", ""mean_absolute_error"", ""mean_squared_error_MSE"", ""mean_squared_error_RMSE"", ""median_absolute_error"", ""mean_squared_log_error"", ""mean_poisson_deviance"", ""mean_gamma_deviance"", ""max_error""]",0.0,0.0,success
dataset1kv1_ARTA_evaluation_metrics_3_CCTNS.xlsx,C:\Users\shero\OneDrive - Sri Lanka Institute of Information Technology\Research Project\DataSets\ARTADataset_release1\DS1_Evaluation\testability\dataset1kv1_ARTA_evaluation_metrics_3_CCTNS.xlsx,1.0,13.0,"[""Row"", ""r2_score_uniform_average"", ""r2_score_variance_weighted"", ""explained_variance_score_uniform_average"", ""explained_variance_score_variance_weighted"", ""mean_absolute_error"", ""mean_squared_error_MSE"", ""mean_squared_error_RMSE"", ""median_absolute_error"", ""mean_squared_log_error"", ""mean_poisson_deviance"", ""mean_gamma_deviance"", ""max_error""]",0.0,0.0,success
dataset1kv1_ARTA_evaluation_metrics_4_Gamma-J.xlsx,C:\Users\shero\OneDrive - Sri Lanka Institute of Information Technology\Research Project\DataSets\ARTADataset_release1\DS1_Evaluation\testability\dataset1kv1_ARTA_evaluation_metrics_4_Gamma-J.xlsx,1.0,13.0,"[""Row"", ""r2_score_uniform_average"", ""r2_score_variance_weighted"", ""explained_variance_score_uniform_average"", ""explained_variance_score_variance_weighted"", ""mean_absolute_error"", ""mean_squared_error_MSE"", ""mean_squared_error_RMSE"", ""median_absolute_error"", ""mean_squared_log_error"", ""mean_poisson_deviance"", ""mean_gamma_deviance"", ""max_error""]",0.0,0.0,success
dataset1kv1_ARTA_evaluation_metrics_5_KeePass.xlsx,C:\Users\shero\OneDrive - Sri Lanka Institute of Information Technology\Research Project\DataSets\ARTADataset_release1\DS1_Evaluation\testability\dataset1kv1_ARTA_evaluation_metrics_5_KeePass.xlsx,1.0,13.0,"[""Row"", ""r2_score_uniform_average"", ""r2_score_variance_weighted"", ""explained_variance_score_uniform_average"", ""explained_variance_score_variance_weighted"", ""mean_absolute_error"", ""mean_squared_error_MSE"", ""mean_squared_error_RMSE"", ""median_absolute_error"", ""mean_squared_log_error"", ""mean_poisson_deviance"", ""mean_gamma_deviance"", ""max_error""]",0.0,0.0,success
dataset1kv1_ARTA_evaluation_metrics_6_Peering.xlsx,C:\Users\shero\OneDrive - Sri Lanka Institute of Information Technology\Research Project\DataSets\ARTADataset_release1\DS1_Evaluation\testability\dataset1kv1_ARTA_evaluation_metrics_6_Peering.xlsx,1.0,13.0,"[""Row"", ""r2_score_uniform_average"", ""r2_score_variance_weighted"", ""explained_variance_score_uniform_average"", ""explained_variance_score_variance_weighted"", ""mean_absolute_error"", ""mean_squared_error_MSE"", ""mean_squared_error_RMSE"", ""median_absolute_error"", ""mean_squared_log_error"", ""mean_poisson_deviance"", ""mean_gamma_deviance"", ""max_error""]",0.0,0.0,success
dataset1kv1_evaluation.xlsx,C:\Users\shero\OneDrive - Sri Lanka Institute of Information Technology\Research Project\DataSets\ARTADataset_release1\DS1_Evaluation\smells\dataset1kv1_evaluation.xlsx,14.0,13.0,"[""Unnamed: 0"", ""Unnamed: 1"", ""Subjective_lang."", ""Ambiguous_adv._adj."", ""Loophole"", ""Nonverifiable_term"", ""Superlative"", ""Comparative"", ""Negative"", ""Vague_pron."", ""Uncertain_verb"", ""Polysemy"", ""Unnamed: 12""]",52.0,0.0,success
dataset1kv1_evaluation_tabular_format.xlsx,C:\Users\shero\OneDrive - Sri Lanka Institute of Information Technology\Research Project\DataSets\ARTADataset_release1\DS1_Evaluation\smells\dataset1kv1_evaluation_tabular_format.xlsx,21.0,10.0,"[""Measure"", ""Subjective language"", ""Ambiguous adv./ adj."", ""Non-verifiable term"", ""Superlative"", ""Comparative"", ""Negative"", ""Vague pron."", ""Uncertain verb"", ""Polysemy""]",140.0,7.0,success
dataset1kv1_evaluation_with_comparison_chart.xlsx,C:\Users\shero\OneDrive - Sri Lanka Institute of Information Technology\Research Project\DataSets\ARTADataset_release1\DS1_Evaluation\smells\dataset1kv1_evaluation_with_comparison_chart.xlsx,19.0,3.0,"[""Smell"", ""Method"", ""F-measure""]",13.0,5.0,success
dataset1kv1_Smella_evaluation_metrics.xlsx,C:\Users\shero\OneDrive - Sri Lanka Institute of Information Technology\Research Project\DataSets\ARTADataset_release1\DS1_Evaluation\testability\dataset1kv1_Smella_evaluation_metrics.xlsx,1.0,13.0,"[""Row"", ""r2_score_uniform_average"", ""r2_score_variance_weighted"", ""explained_variance_score_uniform_average"", ""explained_variance_score_variance_weighted"", ""mean_absolute_error"", ""mean_squared_error_MSE"", ""mean_squared_error_RMSE"", ""median_absolute_error"", ""mean_squared_log_error"", ""mean_poisson_deviance"", ""mean_gamma_deviance"", ""max_error""]",0.0,0.0,success
DS1.xlsx,C:\Users\shero\OneDrive - Sri Lanka Institute of Information Technology\Research Project\DataSets\ARTADataset_release1\Datasets\DS1.xlsx,985.0,12.0,"[""Requirement_text"", ""File"", ""Subjective_lang."", ""Ambiguous_adv._adj."", ""Loophole"", ""Nonverifiable_term"", ""Superlative"", ""Comparative"", ""Negative"", ""Vague_pron."", ""Uncertain_verb"", ""Polysemy""]",0.0,4.0,success
DS2.xlsx,C:\Users\shero\OneDrive - Sri Lanka Institute of Information Technology\Research Project\DataSets\ARTADataset_release1\Datasets\DS2.xlsx,1092.0,10.0,"[""text"", ""filename"", ""subjective_language"", ""ambiguous_adverbs_adjectives"", ""loopholes"", ""open_ended"", ""superlatives"", ""comparatives"", ""negative_statements"", ""vague_pronouns""]",0.0,0.0,success
DS3.xlsx,C:\Users\shero\OneDrive - Sri Lanka Institute of Information Technology\Research Project\DataSets\ARTADataset_release1\Datasets\DS3.xlsx,1522.0,10.0,"[""text"", ""filename"", ""subjective_language"", ""ambiguous_adverbs_adjectives"", ""loopholes"", ""open_ended"", ""superlatives"", ""comparatives"", ""negative_statements"", ""vague_pronouns""]",0.0,3.0,success
DS4.xlsx,C:\Users\shero\OneDrive - Sri Lanka Institute of Information Technology\Research Project\DataSets\ARTADataset_release1\Datasets\DS4.xlsx,1153.0,10.0,"[""Requirement"", ""File name"", ""superlative"", ""vague_pronuns"", ""Compratives"", ""Ambiguouse_adverb_and_adjective"", ""negative_sentence"", ""looples"", ""Open ended NonVarifiable"", ""Subjective Language""]",0.0,28.0,success
FR_NFR_Dataset.xlsx,C:\Users\shero\OneDrive - Sri Lanka Institute of Information Technology\Research Project\DataSets\FR_NFR_Dataset.xlsx,6117.0,2.0,"[""Requirement Text"", ""Type""]",31.0,84.0,success
SmellyWordsDictionary.xlsx,C:\Users\shero\OneDrive - Sri Lanka Institute of Information Technology\Research Project\DataSets\ARTADataset_release1\Datasets\SmellyWordsDictionary.xlsx,1000.0,8.0,"[""Similarity"", ""word"", ""Subjective Language"", ""Ambiguous Adv, Adj"", ""Loopholes"", ""Open-ended, Non-verifiable terms"", ""Polysemy"", ""Irrelevant""]",5756.0,0.0,success
