"Name","Extension","FullName"
"nfr.txt",".txt","C:\Users\shero\OneDrive - Sri Lanka Institute of Information Technology\Research Project\DataSets\archive (1)\nfr.txt"
"test.txt",".txt","C:\Users\shero\OneDrive - Sri Lanka Institute of Information Technology\Research Project\DataSets\archive (1)\test.txt"
"README.txt",".txt","C:\Users\shero\OneDrive - Sri Lanka Institute of Information Technology\Research Project\DataSets\nfr\README.txt"
"0000 - cctns.pdf",".pdf","C:\Users\shero\OneDrive - Sri Lanka Institute of Information Technology\Research Project\DataSets\req\0000 - cctns.pdf"
"0000 - gamma j.pdf",".pdf","C:\Users\shero\OneDrive - Sri Lanka Institute of Information Technology\Research Project\DataSets\req\0000 - gamma j.pdf"
"0000 - inventory.pdf",".pdf","C:\Users\shero\OneDrive - Sri Lanka Institute of Information Technology\Research Project\DataSets\req\0000 - inventory.pdf"
"1995 - gemini.pdf",".pdf","C:\Users\shero\OneDrive - Sri Lanka Institute of Information Technology\Research Project\DataSets\req\1995 - gemini.pdf"
"1998 - themas.pdf",".pdf","C:\Users\shero\OneDrive - Sri Lanka Institute of Information Technology\Research Project\DataSets\req\1998 - themas.pdf"
"1999 - dii.htm",".htm","C:\Users\shero\OneDrive - Sri Lanka Institute of Information Technology\Research Project\DataSets\req\1999 - dii.htm"
"1999 - multi-mahjong.html",".html","C:\Users\shero\OneDrive - Sri Lanka Institute of Information Technology\Research Project\DataSets\req\1999 - multi-mahjong.html"
"1999 - tcs.pdf",".pdf","C:\Users\shero\OneDrive - Sri Lanka Institute of Information Technology\Research Project\DataSets\req\1999 - tcs.pdf"
"2000 - nasa x38.doc",".doc","C:\Users\shero\OneDrive - Sri Lanka Institute of Information Technology\Research Project\DataSets\req\2000 - nasa x38.doc"
"2001 - beyond.pdf",".pdf","C:\Users\shero\OneDrive - Sri Lanka Institute of Information Technology\Research Project\DataSets\req\2001 - beyond.pdf"
"2001 - ctc network.pdf",".pdf","C:\Users\shero\OneDrive - Sri Lanka Institute of Information Technology\Research Project\DataSets\req\2001 - ctc network.pdf"
"2001 - elsfork.pdf",".pdf","C:\Users\shero\OneDrive - Sri Lanka Institute of Information Technology\Research Project\DataSets\req\2001 - elsfork.pdf"
"2001 - esa.pdf",".pdf","C:\Users\shero\OneDrive - Sri Lanka Institute of Information Technology\Research Project\DataSets\req\2001 - esa.pdf"
"2001 - hats.pdf",".pdf","C:\Users\shero\OneDrive - Sri Lanka Institute of Information Technology\Research Project\DataSets\req\2001 - hats.pdf"
"2001 - libra.doc",".doc","C:\Users\shero\OneDrive - Sri Lanka Institute of Information Technology\Research Project\DataSets\req\2001 - libra.doc"
"2001 - npac.doc",".doc","C:\Users\shero\OneDrive - Sri Lanka Institute of Information Technology\Research Project\DataSets\req\2001 - npac.doc"
"2001 - space fractions.pdf",".pdf","C:\Users\shero\OneDrive - Sri Lanka Institute of Information Technology\Research Project\DataSets\req\2001 - space fractions.pdf"
"2001 - telescope.pdf",".pdf","C:\Users\shero\OneDrive - Sri Lanka Institute of Information Technology\Research Project\DataSets\req\2001 - telescope.pdf"
"2002 - evla back.pdf",".pdf","C:\Users\shero\OneDrive - Sri Lanka Institute of Information Technology\Research Project\DataSets\req\2002 - evla back.pdf"
"2002 - evla corr.pdf",".pdf","C:\Users\shero\OneDrive - Sri Lanka Institute of Information Technology\Research Project\DataSets\req\2002 - evla corr.pdf"
"2002 - sce api.pdf",".pdf","C:\Users\shero\OneDrive - Sri Lanka Institute of Information Technology\Research Project\DataSets\req\2002 - sce api.pdf"
"2003 - agentmom.pdf",".pdf","C:\Users\shero\OneDrive - Sri Lanka Institute of Information Technology\Research Project\DataSets\req\2003 - agentmom.pdf"
"2003 - pnnl.pdf",".pdf","C:\Users\shero\OneDrive - Sri Lanka Institute of Information Technology\Research Project\DataSets\req\2003 - pnnl.pdf"
"2003 - qheadache.pdf",".pdf","C:\Users\shero\OneDrive - Sri Lanka Institute of Information Technology\Research Project\DataSets\req\2003 - qheadache.pdf"
"2003 - tachonet.pdf",".pdf","C:\Users\shero\OneDrive - Sri Lanka Institute of Information Technology\Research Project\DataSets\req\2003 - tachonet.pdf"
"2004 - colorcast.pdf",".pdf","C:\Users\shero\OneDrive - Sri Lanka Institute of Information Technology\Research Project\DataSets\req\2004 - colorcast.pdf"
"2004 - grid bgc.pdf",".pdf","C:\Users\shero\OneDrive - Sri Lanka Institute of Information Technology\Research Project\DataSets\req\2004 - grid bgc.pdf"
"2004 - ijis.doc",".doc","C:\Users\shero\OneDrive - Sri Lanka Institute of Information Technology\Research Project\DataSets\req\2004 - ijis.doc"
"2004 - jse.doc",".doc","C:\Users\shero\OneDrive - Sri Lanka Institute of Information Technology\Research Project\DataSets\req\2004 - jse.doc"
"2004 - philips.doc",".doc","C:\Users\shero\OneDrive - Sri Lanka Institute of Information Technology\Research Project\DataSets\req\2004 - philips.doc"
"2004 - rlcs.pdf",".pdf","C:\Users\shero\OneDrive - Sri Lanka Institute of Information Technology\Research Project\DataSets\req\2004 - rlcs.pdf"
"2004 - sprat.pdf",".pdf","C:\Users\shero\OneDrive - Sri Lanka Institute of Information Technology\Research Project\DataSets\req\2004 - sprat.pdf"
"2004 - watcom gui.pdf",".pdf","C:\Users\shero\OneDrive - Sri Lanka Institute of Information Technology\Research Project\DataSets\req\2004 - watcom gui.pdf"
"2004 - watcom.pdf",".pdf","C:\Users\shero\OneDrive - Sri Lanka Institute of Information Technology\Research Project\DataSets\req\2004 - watcom.pdf"
"2005 - clarus high.doc",".doc","C:\Users\shero\OneDrive - Sri Lanka Institute of Information Technology\Research Project\DataSets\req\2005 - clarus high.doc"
"2005 - clarus low.pdf",".pdf","C:\Users\shero\OneDrive - Sri Lanka Institute of Information Technology\Research Project\DataSets\req\2005 - clarus low.pdf"
"2005 - grid 3D.pdf",".pdf","C:\Users\shero\OneDrive - Sri Lanka Institute of Information Technology\Research Project\DataSets\req\2005 - grid 3D.pdf"
"2005 - microcare.pdf",".pdf","C:\Users\shero\OneDrive - Sri Lanka Institute of Information Technology\Research Project\DataSets\req\2005 - microcare.pdf"
"2005 - nenios.html",".html","C:\Users\shero\OneDrive - Sri Lanka Institute of Information Technology\Research Project\DataSets\req\2005 - nenios.html"
"2005 - phin.pdf",".pdf","C:\Users\shero\OneDrive - Sri Lanka Institute of Information Technology\Research Project\DataSets\req\2005 - phin.pdf"
"2005 - pontis.pdf",".pdf","C:\Users\shero\OneDrive - Sri Lanka Institute of Information Technology\Research Project\DataSets\req\2005 - pontis.pdf"
"2005 - triangle.pdf",".pdf","C:\Users\shero\OneDrive - Sri Lanka Institute of Information Technology\Research Project\DataSets\req\2005 - triangle.pdf"
"2005 - znix.pdf",".pdf","C:\Users\shero\OneDrive - Sri Lanka Institute of Information Technology\Research Project\DataSets\req\2005 - znix.pdf"
"2006 - eirene sys 15.pdf",".pdf","C:\Users\shero\OneDrive - Sri Lanka Institute of Information Technology\Research Project\DataSets\req\2006 - eirene sys 15.pdf"
"2006 - stewards.pdf",".pdf","C:\Users\shero\OneDrive - Sri Lanka Institute of Information Technology\Research Project\DataSets\req\2006 - stewards.pdf"
"2007 - central trading system.pdf",".pdf","C:\Users\shero\OneDrive - Sri Lanka Institute of Information Technology\Research Project\DataSets\req\2007 - central trading system.pdf"
"2007 - e-store.doc",".doc","C:\Users\shero\OneDrive - Sri Lanka Institute of Information Technology\Research Project\DataSets\req\2007 - e-store.doc"
"2007 - eirene fun 7.pdf",".pdf","C:\Users\shero\OneDrive - Sri Lanka Institute of Information Technology\Research Project\DataSets\req\2007 - eirene fun 7.pdf"
"2007 - ertms.pdf",".pdf","C:\Users\shero\OneDrive - Sri Lanka Institute of Information Technology\Research Project\DataSets\req\2007 - ertms.pdf"
"2007 - get real 0.2.pdf",".pdf","C:\Users\shero\OneDrive - Sri Lanka Institute of Information Technology\Research Project\DataSets\req\2007 - get real 0.2.pdf"
"2007 - mdot.pdf",".pdf","C:\Users\shero\OneDrive - Sri Lanka Institute of Information Technology\Research Project\DataSets\req\2007 - mdot.pdf"
"2007 - nde.pdf",".pdf","C:\Users\shero\OneDrive - Sri Lanka Institute of Information Technology\Research Project\DataSets\req\2007 - nde.pdf"
"2007 - nlm.doc",".doc","C:\Users\shero\OneDrive - Sri Lanka Institute of Information Technology\Research Project\DataSets\req\2007 - nlm.doc"
"2007 - puget sound.pdf",".pdf","C:\Users\shero\OneDrive - Sri Lanka Institute of Information Technology\Research Project\DataSets\req\2007 - puget sound.pdf"
"2007 - water use.pdf",".pdf","C:\Users\shero\OneDrive - Sri Lanka Institute of Information Technology\Research Project\DataSets\req\2007 - water use.pdf"
"2008 - caiso.pdf",".pdf","C:\Users\shero\OneDrive - Sri Lanka Institute of Information Technology\Research Project\DataSets\req\2008 - caiso.pdf"
"2008 - keepass.pdf",".pdf","C:\Users\shero\OneDrive - Sri Lanka Institute of Information Technology\Research Project\DataSets\req\2008 - keepass.pdf"
"2008 - peering.pdf",".pdf","C:\Users\shero\OneDrive - Sri Lanka Institute of Information Technology\Research Project\DataSets\req\2008 - peering.pdf"
"2008 - viper.doc",".doc","C:\Users\shero\OneDrive - Sri Lanka Institute of Information Technology\Research Project\DataSets\req\2008 - viper.doc"
"2008 - virtual ed.doc",".doc","C:\Users\shero\OneDrive - Sri Lanka Institute of Information Technology\Research Project\DataSets\req\2008 - virtual ed.doc"
"2008 - vub.pdf",".pdf","C:\Users\shero\OneDrive - Sri Lanka Institute of Information Technology\Research Project\DataSets\req\2008 - vub.pdf"
"2009 - email.pdf",".pdf","C:\Users\shero\OneDrive - Sri Lanka Institute of Information Technology\Research Project\DataSets\req\2009 - email.pdf"
"2009 - gaia.pdf",".pdf","C:\Users\shero\OneDrive - Sri Lanka Institute of Information Technology\Research Project\DataSets\req\2009 - gaia.pdf"
"2009 - inventory 2.0.pdf",".pdf","C:\Users\shero\OneDrive - Sri Lanka Institute of Information Technology\Research Project\DataSets\req\2009 - inventory 2.0.pdf"
"2009 - library.doc",".doc","C:\Users\shero\OneDrive - Sri Lanka Institute of Information Technology\Research Project\DataSets\req\2009 - library.doc"
"2009 - library.pdf",".pdf","C:\Users\shero\OneDrive - Sri Lanka Institute of Information Technology\Research Project\DataSets\req\2009 - library.pdf"
"2009 - model manager.pdf",".pdf","C:\Users\shero\OneDrive - Sri Lanka Institute of Information Technology\Research Project\DataSets\req\2009 - model manager.pdf"
"2009 - peazip.pdf",".pdf","C:\Users\shero\OneDrive - Sri Lanka Institute of Information Technology\Research Project\DataSets\req\2009 - peazip.pdf"
"2009 - peppol.pdf",".pdf","C:\Users\shero\OneDrive - Sri Lanka Institute of Information Technology\Research Project\DataSets\req\2009 - peppol.pdf"
"2009 - video search.pdf",".pdf","C:\Users\shero\OneDrive - Sri Lanka Institute of Information Technology\Research Project\DataSets\req\2009 - video search.pdf"
"2009 - warc III.pdf",".pdf","C:\Users\shero\OneDrive - Sri Lanka Institute of Information Technology\Research Project\DataSets\req\2009 - warc III.pdf"
"2010 - blit draft.pdf",".pdf","C:\Users\shero\OneDrive - Sri Lanka Institute of Information Technology\Research Project\DataSets\req\2010 - blit draft.pdf"
"2010 - fishing.pdf",".pdf","C:\Users\shero\OneDrive - Sri Lanka Institute of Information Technology\Research Project\DataSets\req\2010 - fishing.pdf"
"2010 - gparted.pdf",".pdf","C:\Users\shero\OneDrive - Sri Lanka Institute of Information Technology\Research Project\DataSets\req\2010 - gparted.pdf"
"2010 - home 1.3.pdf",".pdf","C:\Users\shero\OneDrive - Sri Lanka Institute of Information Technology\Research Project\DataSets\req\2010 - home 1.3.pdf"
"2010 - mashboot.pdf",".pdf","C:\Users\shero\OneDrive - Sri Lanka Institute of Information Technology\Research Project\DataSets\req\2010 - mashboot.pdf"
"2010 - split merge.pdf",".pdf","C:\Users\shero\OneDrive - Sri Lanka Institute of Information Technology\Research Project\DataSets\req\2010 - split merge.pdf"
"2011 - opensg 0.1.doc",".doc","C:\Users\shero\OneDrive - Sri Lanka Institute of Information Technology\Research Project\DataSets\req\2011 - opensg 0.1.doc"
"g02-federalspending.txt",".txt","C:\Users\shero\OneDrive - Sri Lanka Institute of Information Technology\Research Project\DataSets\Requirements data sets (user stories)\g02-federalspending.txt"
"g03-loudoun.txt",".txt","C:\Users\shero\OneDrive - Sri Lanka Institute of Information Technology\Research Project\DataSets\Requirements data sets (user stories)\g03-loudoun.txt"
"g04-recycling.txt",".txt","C:\Users\shero\OneDrive - Sri Lanka Institute of Information Technology\Research Project\DataSets\Requirements data sets (user stories)\g04-recycling.txt"
"g05-openspending.txt",".txt","C:\Users\shero\OneDrive - Sri Lanka Institute of Information Technology\Research Project\DataSets\Requirements data sets (user stories)\g05-openspending.txt"
"g08-frictionless.txt",".txt","C:\Users\shero\OneDrive - Sri Lanka Institute of Information Technology\Research Project\DataSets\Requirements data sets (user stories)\g08-frictionless.txt"
"g10-scrumalliance.txt",".txt","C:\Users\shero\OneDrive - Sri Lanka Institute of Information Technology\Research Project\DataSets\Requirements data sets (user stories)\g10-scrumalliance.txt"
"g11-nsf.txt",".txt","C:\Users\shero\OneDrive - Sri Lanka Institute of Information Technology\Research Project\DataSets\Requirements data sets (user stories)\g11-nsf.txt"
"g12-camperplus.txt",".txt","C:\Users\shero\OneDrive - Sri Lanka Institute of Information Technology\Research Project\DataSets\Requirements data sets (user stories)\g12-camperplus.txt"
"g13-planningpoker.txt",".txt","C:\Users\shero\OneDrive - Sri Lanka Institute of Information Technology\Research Project\DataSets\Requirements data sets (user stories)\g13-planningpoker.txt"
"g14-datahub.txt",".txt","C:\Users\shero\OneDrive - Sri Lanka Institute of Information Technology\Research Project\DataSets\Requirements data sets (user stories)\g14-datahub.txt"
"g16-mis.txt",".txt","C:\Users\shero\OneDrive - Sri Lanka Institute of Information Technology\Research Project\DataSets\Requirements data sets (user stories)\g16-mis.txt"
"g17-cask.txt",".txt","C:\Users\shero\OneDrive - Sri Lanka Institute of Information Technology\Research Project\DataSets\Requirements data sets (user stories)\g17-cask.txt"
"g18-neurohub.txt",".txt","C:\Users\shero\OneDrive - Sri Lanka Institute of Information Technology\Research Project\DataSets\Requirements data sets (user stories)\g18-neurohub.txt"
"g19-alfred.txt",".txt","C:\Users\shero\OneDrive - Sri Lanka Institute of Information Technology\Research Project\DataSets\Requirements data sets (user stories)\g19-alfred.txt"
"g21-badcamp.txt",".txt","C:\Users\shero\OneDrive - Sri Lanka Institute of Information Technology\Research Project\DataSets\Requirements data sets (user stories)\g21-badcamp.txt"
"g22-rdadmp.txt",".txt","C:\Users\shero\OneDrive - Sri Lanka Institute of Information Technology\Research Project\DataSets\Requirements data sets (user stories)\g22-rdadmp.txt"
"g23-archivesspace.txt",".txt","C:\Users\shero\OneDrive - Sri Lanka Institute of Information Technology\Research Project\DataSets\Requirements data sets (user stories)\g23-archivesspace.txt"
"g24-unibath.txt",".txt","C:\Users\shero\OneDrive - Sri Lanka Institute of Information Technology\Research Project\DataSets\Requirements data sets (user stories)\g24-unibath.txt"
"g25-duraspace.txt",".txt","C:\Users\shero\OneDrive - Sri Lanka Institute of Information Technology\Research Project\DataSets\Requirements data sets (user stories)\g25-duraspace.txt"
"g26-racdam.txt",".txt","C:\Users\shero\OneDrive - Sri Lanka Institute of Information Technology\Research Project\DataSets\Requirements data sets (user stories)\g26-racdam.txt"
"g27-culrepo.txt",".txt","C:\Users\shero\OneDrive - Sri Lanka Institute of Information Technology\Research Project\DataSets\Requirements data sets (user stories)\g27-culrepo.txt"
"g28-zooniverse.txt",".txt","C:\Users\shero\OneDrive - Sri Lanka Institute of Information Technology\Research Project\DataSets\Requirements data sets (user stories)\g28-zooniverse.txt"
