file,records,attribute_count,attributes,last_column_values,invalid_column_rows
P10_NFR_FR_trace.arff,38,16,"@attribute FR {R16,R17,R18,R19,R20,R21,R22,R23,R24,R25,R26,R27,R28,R29,R30,R31,R32,R33,R34,R35,R36,R37,R38,R39,R40,R41,R42,R43,R44,R45,R46,R47,R48,R49,R50,R51,R52,R53} | @attribute NFR1 {0,1} | @attribute NFR2 {0,1} | @attribute NFR3 {0,1} | @attribute NFR4 {0,1} | @attribute NFR5 {0,1} | @attribute NFR6 {0,1} | @attribute NFR7 {0,1} | @attribute NFR8 {0,1} % req too broad? Traces to all FR's - investigate | @attribute NFR9 {0,1} % <req too vague?> | @attribute NFR10 {0,1} | @attribute NFR11 {0,1} | @attribute NFR12 {0,1} | @attribute NFR13 {0,1} | @attribute NFR14 {0,1} %<same as req 11?> | @attribute NFR15 {0,1} %<same as req 10?>","{'0': 21, '1': 17}",0
P1_NFR_FR_trace.arff,20,9,"@attribute FR {R9,R10,R11,R12,R13,R14,R15,R16,R17,R18,R19,R20,R21,R22,R23,R24,R25,R26,R27,R28 } | @attribute NFR1 {0,1} | @attribute NFR2 {0,1} | @attribute NFR3 {0,1} | @attribute NFR4 {0,1} | @attribute NFR5 {0,1} %I don't understand what's the relation between the distance and being understandable! Does it mean readable? | @attribute NFR6 {0,1} | @attribute NFR7 {0,1} | @attribute NFR8 {0,1}","{'1': 9, '0': 11}",0
P2_NFR_FR_trace.arff,11,30,"@attribute FR {R30,R31,R32,R33,R34,R35,R36,R37,R38,R39,R40} | @attribute NFR1 {0,1} | @attribute NFR2 {0,1} | @attribute NFR3 {0,1} | @attribute NFR4 {0,1} | @attribute NFR5 {0,1} | @attribute NFR6 {0,1} | @attribute NFR7 {0,1} | @attribute NFR8 {0,1} | @attribute NFR9 {0,1} | @attribute NFR10 {0,1} | @attribute NFR11 {0,1} | @attribute NFR12 {0,1} | @attribute NFR13 {0,1} | @attribute NFR14 {0,1} | @attribute NFR15 {0,1} | @attribute NFR16 {0,1}  % Don't understand it! | @attribute NFR17 {0,1} | @attribute NFR18 {0,1} | @attribute NFR19 {0,1} % Failure on what? | @attribute NFR20 {0,1} | @attribute NFR21 {0,1} | @attribute NFR22 {0,1} | @attribute NFR23 {0,1} | @attribute NFR24 {0,1} % It's general! Can't connect it to one of functional! | @attribute NFR25 {0,1}  % It's general! Can't connect it to one of functional! | @attribute NFR26 {0,1} %General assumption | @attribute NFR27 {0,1} % Goes for the whole system! | @attribute NFR28 {0,1} % Goes for the whole system! | @attribute NFR29 {0,1}",{'0': 11},0
P3_NFR_FR_trace.arff,47,34,"@attribute FR {R34,R35,R36,R37,R38,R39,R40,R41,R42,R43,R44,R45,R46,R47,R48,R49,R50,R51,R52,R53,R54,R55,R56,R57,R58,R59,R60,R61,R62,R63,R64,R65,R66,R67,R68,R69,R70,R71,R72,R73,R74,R75,R76,R77,R78,R79,R80} | @attribute NFR1 {0,1} | @attribute NFR2 {0,1} | @attribute NFR3 {0,1} | @attribute NFR4 {0} | @attribute NFR5 {0,1} | @attribute NFR6 {0,1} | @attribute NFR7 {0,1} | @attribute NFR8 {0,1} | @attribute NFR9 {0,1} | @attribute NFR10 {0,1} | @attribute NFR11 {0,1} | @attribute NFR12 {0,1} | @attribute NFR13 {0,1} | @attribute NFR14 {0,1} % General assumpstion! | @attribute NFR15 {0,1} | @attribute NFR16 {0} % General assumpstion! | @attribute NFR17 {0,1} | @attribute NFR18 {0,1} | @attribute NFR19 {0,1} % General assumpstion! | @attribute NFR20 {0,1} % General assumpstion! | @attribute NFR21 {0,1} % General assumpstion! | @attribute NFR22 {0,1} % General assumpstion! | @attribute NFR23 {0,1} % General assumpstion! | @attribute NFR24 {0,1} | @attribute NFR25 {0,1} | @attribute NFR26 {0,1} | @attribute NFR27 {0,1} | @attribute NFR28 {0,1} % General assumpstion! | @attribute NFR29 {0,1} % General assumpstion! | @attribute NFR30 {0,1} % General assumpstion! | @attribute NFR31 {0,1} % General assumpstion! | @attribute NFR32 {0,1} % General assumpstion! | @attribute NFR33 {0,1} % General assumpstion!",{'0': 47},0
P4_NFR_FR_trace.arff,25,31,"@attribute FR {R31,R32,R33,R34,R35,R36,R37,R38,R39,R40,R41,R42,R43,R44,R45,R46,R47,R48,R49,R50,R51,R52,R53,R54,R55} | @attribute NFR1 {0,1} | @attribute NFR2 {0,1} | @attribute NFR3 {0,1} | @attribute NFR4 {0,1} | @attribute NFR5 {0,1} | @attribute NFR6 {0,1} | @attribute NFR7 {0,1} | @attribute NFR8 {0,1} % A general consideration for system! | @attribute NFR9 {0,1} % A general consideration for system! | @attribute NFR10 {0,1} % A general consideration for system! | @attribute NFR11 {0,1} | @attribute NFR12 {0,1} | @attribute NFR13 {0,1} | @attribute NFR14 {0,1} | @attribute NFR15 {0,1} | @attribute NFR16 {0,1} | @attribute NFR17 {0,1} | @attribute NFR18 {0,1} | @attribute NFR19 {0,1} | @attribute NFR20 {0,1} | @attribute NFR21 {0,1} % System Assumption- No specific F related! | @attribute NFR22 {0,1} % System Assumption- No specific F related! | @attribute NFR23 {0,1} % System Assumption- No specific F related! | @attribute NFR24 {0,1} % System Assumption- No specific F related! | @attribute NFR25 {0,1} | @attribute NFR26 {0,1} | @attribute NFR27 {0,1} % General assumption | @attribute NFR28 {0,1} % General assumption. | @attribute NFR29 {0,1} | @attribute NFR30 {0,1}","{'0': 23, '1': 2}",0
P5_NFR_FR_trace.arff,36,38,"@attribute FR {R38,R39,R40,R41,R42,R43,R44,R45,R46,R47,R48,R49,R50,R51,R52,R53,R54,R55,R56,R57,R58,R59,R60,R61,R62,R63,R64,R65,R66,R67,R68,R69,R70,R71,R72,R73} | @attribute NFR1 {0,1} | @attribute NFR2 {0,1} | @attribute NFR3 {0,1} | @attribute NFR4 {0,1} % General assumption! | @attribute NFR5 {0,1} % General assumption! | @attribute NFR6 {0,1} % General assumption! | @attribute NFR7 {0,1} % General assumption! | @attribute NFR8 {0,1} % General assumption! | @attribute NFR9 {0,1} | @attribute NFR10 {0,1} | @attribute NFR11 {0,1} | @attribute NFR12 {0,1} | @attribute NFR13 {0,1} | @attribute NFR14 {0,1} | @attribute NFR15 {0,1} | @attribute NFR16 {0,1} | @attribute NFR17 {0,1} | @attribute NFR18 {0,1} % General assumption! | @attribute NFR19 {0,1} % General assumption! | @attribute NFR20 {0,1} % General assumption! | @attribute NFR21 {0,1} % General assumption! | @attribute NFR22 {0,1} % General assumption! | @attribute NFR23 {0,1} % General assumption! | @attribute NFR24 {0,1} % General assumption! | @attribute NFR25 {0,1} % General assumption! | @attribute NFR26 {0,1} % General assumption! | @attribute NFR27 {0,1} % General assumption! | @attribute NFR28 {0,1} | @attribute NFR29 {0,1} | @attribute NFR30 {0,1} | @attribute NFR31 {0,1} % General assumption! | @attribute NFR32 {0,1} % General assumption! | @attribute NFR33 {0,1} % General assumption! | @attribute NFR34 {0,1} % General assumption! | @attribute NFR35 {0,1} | @attribute NFR36 {0,1} % General assumption! | @attribute NFR37 {0,1} % General assumption!",{'0': 36},0
P6_NFR_FR_trace.arff,27,48,"@attribute FR {R48,R49,R50,R51,R52,R53,R54,R55,R56,R57,R58,R59,R60,R61,R62,R63,R64,R65,R66,R67,R68,R69,R70,R71,R72,R73,R74} | @attribute NFR1 {0,1} | @attribute NFR2 {0,1}  % General assumption | @attribute NFR3 {0,1} | @attribute NRR4 {0,1} % General assumption | @attribute NFR5 {0,1} | @attribute NFR6 {0,1} % General assumption | @attribute NFR7 {0,1} % General assumption | @attribute NFR8 {0,1} % General assumption | @attribute NFR9 {0,1} | @attribute NFR10 {0,1} % General assumption | @attribute NFR11 {0,1} % General assumption | @attribute NFR12 {0,1} | @attribute NFR13 {0,1} % General assumption | @attribute NFR14 {0,1} % General assumption | @attribute NFR15 {0,1} | @attribute NFR16 {0,1}% General assumption | @attribute NFR17 {0,1}% General assumption | @attribute NFR18 {0,1}% General assumption | @attribute NFR19 {0,1}% General assumption | @attribute NFR20 {0,1}% General assumption | @attribute NFR21 {0,1}% General assumption | @attribute NFR22 {0,1}% General assumption | @attribute NFR23 {0,1}% General assumption | @attribute NFR24 {0,1}% General assumption | @attribute NFR25 {0,1} | @attribute NFR26 {0,1} | @attribute NFR27 {0,1}% General assumption | @attribute NFR28 {0,1}% General assumption | @attribute NFR29 {0,1}% General assumption | @attribute NFR30 {0,1}% General assumption | @attribute NFR31 {0,1} % General assumption | @attribute NFR32 {0,1} % General assumption | @attribute NFR33 {0,1} % General assumption | @attribute NFR34 {0,1} % General assumption | @attribute NFR35 {0,1} | @attribute NFR36 {0,1} % General assumption | @attribute NFR37 {0,1} | @attribute NFR38 {0,1} | @attribute NFR39 {0,1} % General assumption | @attribute NFR40 {0,1}  % General assumption | @attribute NFR41 {0,1} | @attribute NFR42 {0,1}  % General assumption | @attribute NFR43 {0,1}  % General assumption | @attribute NFR44 {0,1} % General assumption | @attribute NFR45 {0,1} | @attribute NFR46 {0,1} % General assumption | @attribute NFR47 {0,1}",{'0': 27},0
P7_NFR_FR_trace.arff,15,9,"@attribute FR{R9,R10,R11,R12,R13,R14,R15,R16,R17,R18,R19,R20,R21,R22,R23} | @attribute NFR1 {0,1} | @attribute NFR2 {0,1} | @attribute NFR3 {0,1} | @attribute NFR4 {0,1} | @attribute NFR5 {0,1} | @attribute NFR6 {0,1} | @attribute NFR7 {0,1} | @attribute NFR8 {0,1}","{'1': 6, '0': 9}",0
P8_NFR_FR_trace.arff,20,74,"@attribute FR {R74,R75,R76,R77,R78,R79,R80,R81,R82,R83,R84,R85,R86,R87,R88,R89,R90,R91,R92,R93} | @attribute NFR1 {0,1} | @attribute NFR2 {0,1} %General assumption | @attribute NFR3 {0,1} | @attribute NFR4 {0,1} | @attribute NFR5 {0,1} | @attribute NFR6 {0,1} | @attribute NFR7 {0,1} | @attribute NFR8 {0,1} | @attribute NFR9 {0,1} | @attribute NFR10 {0,1} | @attribute NFR11 {0,1} | @attribute NFR12 {0,1} %General assumption | @attribute NFR13 {0,1} | @attribute NFR14 {0,1} %General assumption | @attribute NFR15 {0,1} %General assumption | @attribute NFR16 {0,1} %General assumption | @attribute NFR17 {0,1} %General assumption | @attribute NFR18 {0,1} | @attribute NFR19 {0,1} %General assumption | @attribute NFR20 {0,1} %General assumption | @attribute NFR21 {0,1} | @attribute NFR22 {0,1} %General assumption | @attribute NFR23 {0,1} %General assumption | @attribute NFR24 {0,1} | @attribute NFR25 {0,1} | @attribute NFR26 {0,1} | @attribute NFR27 {0,1} | @attribute NFR28 {0,1} | @attribute NFR29 {0,1} %General assumption | @attribute NFR30 {0,1} %General assumption | @attribute NFR31 {0,1} %General assumption | @attribute NFR32 {0,1} %General assumption | @attribute NFR33 {0,1} %General assumption | @attribute NFR34 {0,1} %General assumption | @attribute NFR35 {0,1} %General assumption | @attribute NFR36 {0,1} %General assumption | @attribute NFR37 {0,1} %General assumption | @attribute NFR38 {0,1} %General assumption | @attribute NFR39 {0,1} %General assumption | @attribute NFR40 {0,1} %General assumption | @attribute NFR41 {0,1} %General assumption | @attribute NFR42 {0,1} %General assumption | @attribute NFR43 {0,1} %General assumption | @attribute NFR44 {0,1} %General assumption | @attribute NFR45 {0,1} %General assumption | @attribute NFR46 {0,1} %General assumption | @attribute NFR47 {0,1} | @attribute NFR48 {0,1}  %General assumption | @attribute NFR49 {0,1}  %General assumption | @attribute NFR50 {0,1} %General assumption | @attribute NFR51 {0,1} %General assumption | @attribute NFR52 {0,1} %General assumption | @attribute NFR53 {0,1} | @attribute NFR54 {0,1} | @attribute NFR55 {0,1} %General assumption | @attribute NFR56 {0,1} %General assumption | @attribute NFR57 {0,1} %General assumption | @attribute NFR58 {0,1} %General assumption | @attribute NFR59 {0,1} %General assumption | @attribute NFR60 {0,1} %General assumption | @attribute NFR61 {0,1} %General assumption | @attribute NFR62 {0,1} %General assumption | @attribute NFR63 {0,1} %General assumption | @attribute NFR64 {0,1} %General assumption | @attribute NFR65 {0,1} %General assumption | @attribute NFR66 {0,1}  %General assumption | @attribute NFR67 {0,1} %General assumption | @attribute NFR68 {0,1} %General assumption | @attribute NFR69 {0,1} | @attribute NFR70 {0,1} | @attribute NFR71 {0,1} %General assumption | @attribute NFR72 {0,1} %General assumption | @attribute NFR73 {0,1} %General assumption",{'0': 20},0
P9_NFR_FR_trace.arff,16,9,"@attribute FR {R10,R11,R12,R13,R14,R15,R16,R17,R18,R19,R20,R21,R22,R23,R24,R9} | @attribute NFR1 {0,1} | @attribute NFR2 {0,1} | @attribute NFR3 {0,1} | @attribute NFR4 {0,1} | @attribute NFR5 {0,1} | @attribute NFR6 {0,1} | @attribute NFR7 {0,1} | @attribute NFR8 {0,1}","{'0': 11, '1': 5}",0
