file,rows,columns,missing_cells,fully_duplicate_rows,duplicate_column_names,memory_mb
FR_NFR_Dataset.xlsx,6117,2,31,84,0,1.14
PROMISE-relabeled-NICE.csv,622,16,0,0,0,0.17
QuRE.csv,2187,4,0,0,0,0.63
software_requirements_extended.csv,977,2,0,0,0,0.24
security_requirements.csv,511,2,0,66,0,0.14
user_stories.csv,1680,3,0,0,0,0.4
basic.csv,500,1,0,6,0,0.05
context.csv,500,1,0,0,0,0.05
context_role.csv,500,1,0,0,0,0.06
brown.csv,57340,7,0,0,0,33.67
Cornelius_2025_user_story_ambiguity_dataset.xlsx,12847,24,0,0,0,6.6
Cornelius_research_subsets.xlsx,5653,24,0,0,0,2.89
Cornelius_user_story_data_dictionary.xlsx,24,4,0,0,0,0.01
