"FullName","Extension","Length"
"C:\Users\shero\OneDrive - Sri Lanka Institute of Information Technology\Research Project\DataSets\FR_NFR_Dataset.xlsx",".xlsx","526985"
"C:\Users\shero\OneDrive - Sri Lanka Institute of Information Technology\Research Project\DataSets\PROMISE-relabeled-NICE.csv",".csv","95725"
"C:\Users\shero\OneDrive - Sri Lanka Institute of Information Technology\Research Project\DataSets\QuRE.csv",".csv","332770"
"C:\Users\shero\OneDrive - Sri Lanka Institute of Information Technology\Research Project\DataSets\software_requirements_extended.csv",".csv","128376"
"C:\Users\shero\OneDrive - Sri Lanka Institute of Information Technology\Research Project\DataSets\archive (1)\nfr.txt",".txt","67393"
"C:\Users\shero\OneDrive - Sri Lanka Institute of Information Technology\Research Project\DataSets\archive (1)\test.txt",".txt","10618"
"C:\Users\shero\OneDrive - Sri Lanka Institute of Information Technology\Research Project\DataSets\ARTADataset_release1\Datasets\DS1.xlsx",".xlsx","123805"
"C:\Users\shero\OneDrive - Sri Lanka Institute of Information Technology\Research Project\DataSets\ARTADataset_release1\Datasets\DS2.xlsx",".xlsx","161080"
"C:\Users\shero\OneDrive - Sri Lanka Institute of Information Technology\Research Project\DataSets\ARTADataset_release1\Datasets\DS3.xlsx",".xlsx","138502"
"C:\Users\shero\OneDrive - Sri Lanka Institute of Information Technology\Research Project\DataSets\ARTADataset_release1\Datasets\DS4.xlsx",".xlsx","124809"
"C:\Users\shero\OneDrive - Sri Lanka Institute of Information Technology\Research Project\DataSets\ARTADataset_release1\Datasets\SmellyWordsDictionary.xlsx",".xlsx","42875"
"C:\Users\shero\OneDrive - Sri Lanka Institute of Information Technology\Research Project\DataSets\ARTADataset_release1\DS1_Evaluation\001_dataset1kv1.xlsx",".xlsx","123304"
"C:\Users\shero\OneDrive - Sri Lanka Institute of Information Technology\Research Project\DataSets\ARTADataset_release1\DS1_Evaluation\002_dataset1kv1_smell_frequency_with_testability.xlsx",".xlsx","158356"
"C:\Users\shero\OneDrive - Sri Lanka Institute of Information Technology\Research Project\DataSets\ARTADataset_release1\DS1_Evaluation\003_dataset1kv1_ARTA_result.xlsx",".xlsx","111225"
"C:\Users\shero\OneDrive - Sri Lanka Institute of Information Technology\Research Project\DataSets\ARTADataset_release1\DS1_Evaluation\004_dataset1kv1_ARTA_result_smell_frequency_with_testability.xlsx",".xlsx","155017"
"C:\Users\shero\OneDrive - Sri Lanka Institute of Information Technology\Research Project\DataSets\ARTADataset_release1\DS1_Evaluation\005_dataset1kv1_Smella_result.xlsx",".xlsx","104569"
"C:\Users\shero\OneDrive - Sri Lanka Institute of Information Technology\Research Project\DataSets\ARTADataset_release1\DS1_Evaluation\006_dataset1kv1_Smella_result_smell_frequency_with_testability.xlsx",".xlsx","145450"
"C:\Users\shero\OneDrive - Sri Lanka Institute of Information Technology\Research Project\DataSets\comparison_datasets\1_real_life_reqs\promise.csv",".csv","85182"
"C:\Users\shero\OneDrive - Sri Lanka Institute of Information Technology\Research Project\DataSets\comparison_datasets\1_real_life_reqs\pure_subset.csv",".csv","1947289"
"C:\Users\shero\OneDrive - Sri Lanka Institute of Information Technology\Research Project\DataSets\comparison_datasets\1_real_life_reqs\security_requirements.csv",".csv","95193"
"C:\Users\shero\OneDrive - Sri Lanka Institute of Information Technology\Research Project\DataSets\comparison_datasets\1_real_life_reqs\user_stories.csv",".csv","248888"
"C:\Users\shero\OneDrive - Sri Lanka Institute of Information Technology\Research Project\DataSets\comparison_datasets\2_synthetic_reqs\basic.csv",".csv","31340"
"C:\Users\shero\OneDrive - Sri Lanka Institute of Information Technology\Research Project\DataSets\comparison_datasets\2_synthetic_reqs\context.csv",".csv","30679"
"C:\Users\shero\OneDrive - Sri Lanka Institute of Information Technology\Research Project\DataSets\comparison_datasets\2_synthetic_reqs\context_role.csv",".csv","39201"
"C:\Users\shero\OneDrive - Sri Lanka Institute of Information Technology\Research Project\DataSets\comparison_datasets\2_synthetic_reqs\raw_chat\basic\run_1.md",".md","6857"
"C:\Users\shero\OneDrive - Sri Lanka Institute of Information Technology\Research Project\DataSets\comparison_datasets\2_synthetic_reqs\raw_chat\basic\run_2.md",".md","7347"
"C:\Users\shero\OneDrive - Sri Lanka Institute of Information Technology\Research Project\DataSets\comparison_datasets\2_synthetic_reqs\raw_chat\basic\run_3.md",".md","6996"
"C:\Users\shero\OneDrive - Sri Lanka Institute of Information Technology\Research Project\DataSets\comparison_datasets\2_synthetic_reqs\raw_chat\basic\run_4.md",".md","8987"
"C:\Users\shero\OneDrive - Sri Lanka Institute of Information Technology\Research Project\DataSets\comparison_datasets\2_synthetic_reqs\raw_chat\basic\run_5.md",".md","7006"
"C:\Users\shero\OneDrive - Sri Lanka Institute of Information Technology\Research Project\DataSets\comparison_datasets\2_synthetic_reqs\raw_chat\context\run_1.md",".md","7227"
"C:\Users\shero\OneDrive - Sri Lanka Institute of Information Technology\Research Project\DataSets\comparison_datasets\2_synthetic_reqs\raw_chat\context\run_2.md",".md","5733"
"C:\Users\shero\OneDrive - Sri Lanka Institute of Information Technology\Research Project\DataSets\comparison_datasets\2_synthetic_reqs\raw_chat\context\run_3.md",".md","8792"
"C:\Users\shero\OneDrive - Sri Lanka Institute of Information Technology\Research Project\DataSets\comparison_datasets\2_synthetic_reqs\raw_chat\context\run_4.md",".md","7943"
"C:\Users\shero\OneDrive - Sri Lanka Institute of Information Technology\Research Project\DataSets\comparison_datasets\2_synthetic_reqs\raw_chat\context\run_5.md",".md","5659"
"C:\Users\shero\OneDrive - Sri Lanka Institute of Information Technology\Research Project\DataSets\comparison_datasets\2_synthetic_reqs\raw_chat\context_role\run_1.md",".md","8960"
"C:\Users\shero\OneDrive - Sri Lanka Institute of Information Technology\Research Project\DataSets\comparison_datasets\2_synthetic_reqs\raw_chat\context_role\run_2.md",".md","8496"
"C:\Users\shero\OneDrive - Sri Lanka Institute of Information Technology\Research Project\DataSets\comparison_datasets\2_synthetic_reqs\raw_chat\context_role\run_3.md",".md","10060"
"C:\Users\shero\OneDrive - Sri Lanka Institute of Information Technology\Research Project\DataSets\comparison_datasets\2_synthetic_reqs\raw_chat\context_role\run_4.md",".md","8637"
"C:\Users\shero\OneDrive - Sri Lanka Institute of Information Technology\Research Project\DataSets\comparison_datasets\2_synthetic_reqs\raw_chat\context_role\run_5.md",".md","9213"
"C:\Users\shero\OneDrive - Sri Lanka Institute of Information Technology\Research Project\DataSets\comparison_datasets\3_generic_text\brown.csv",".csv","21077403"
"C:\Users\shero\OneDrive - Sri Lanka Institute of Information Technology\Research Project\DataSets\nfr\nfr.arff",".arff","82460"
"C:\Users\shero\OneDrive - Sri Lanka Institute of Information Technology\Research Project\DataSets\nfr\README.txt",".txt","248"
"C:\Users\shero\OneDrive - Sri Lanka Institute of Information Technology\Research Project\DataSets\nfr\P(1-10)_NFR_FR_trace\P10_NFR_FR_trace.arff",".arff","11713"
"C:\Users\shero\OneDrive - Sri Lanka Institute of Information Technology\Research Project\DataSets\nfr\P(1-10)_NFR_FR_trace\P1_NFR_FR_trace.arff",".arff","7259"
"C:\Users\shero\OneDrive - Sri Lanka Institute of Information Technology\Research Project\DataSets\nfr\P(1-10)_NFR_FR_trace\P2_NFR_FR_trace.arff",".arff","8765"
"C:\Users\shero\OneDrive - Sri Lanka Institute of Information Technology\Research Project\DataSets\nfr\P(1-10)_NFR_FR_trace\P3_NFR_FR_trace.arff",".arff","19914"
"C:\Users\shero\OneDrive - Sri Lanka Institute of Information Technology\Research Project\DataSets\nfr\P(1-10)_NFR_FR_trace\P4_NFR_FR_trace.arff",".arff","16922"
"C:\Users\shero\OneDrive - Sri Lanka Institute of Information Technology\Research Project\DataSets\nfr\P(1-10)_NFR_FR_trace\P5_NFR_FR_trace.arff",".arff","15619"
"C:\Users\shero\OneDrive - Sri Lanka Institute of Information Technology\Research Project\DataSets\nfr\P(1-10)_NFR_FR_trace\P6_NFR_FR_trace.arff",".arff","17566"
"C:\Users\shero\OneDrive - Sri Lanka Institute of Information Technology\Research Project\DataSets\nfr\P(1-10)_NFR_FR_trace\P7_NFR_FR_trace.arff",".arff","6565"
"C:\Users\shero\OneDrive - Sri Lanka Institute of Information Technology\Research Project\DataSets\nfr\P(1-10)_NFR_FR_trace\P8_NFR_FR_trace.arff",".arff","19563"
"C:\Users\shero\OneDrive - Sri Lanka Institute of Information Technology\Research Project\DataSets\nfr\P(1-10)_NFR_FR_trace\P9_NFR_FR_trace.arff",".arff","5852"
"C:\Users\shero\OneDrive - Sri Lanka Institute of Information Technology\Research Project\DataSets\req\0000 - cctns.pdf",".pdf","350677"
"C:\Users\shero\OneDrive - Sri Lanka Institute of Information Technology\Research Project\DataSets\req\0000 - gamma j.pdf",".pdf","1292947"
"C:\Users\shero\OneDrive - Sri Lanka Institute of Information Technology\Research Project\DataSets\req\0000 - inventory.pdf",".pdf","837509"
"C:\Users\shero\OneDrive - Sri Lanka Institute of Information Technology\Research Project\DataSets\req\1995 - gemini.pdf",".pdf","5128485"
"C:\Users\shero\OneDrive - Sri Lanka Institute of Information Technology\Research Project\DataSets\req\1998 - themas.pdf",".pdf","68429"
"C:\Users\shero\OneDrive - Sri Lanka Institute of Information Technology\Research Project\DataSets\req\1999 - dii.htm",".htm","52687"
"C:\Users\shero\OneDrive - Sri Lanka Institute of Information Technology\Research Project\DataSets\req\1999 - multi-mahjong.html",".html","93675"
"C:\Users\shero\OneDrive - Sri Lanka Institute of Information Technology\Research Project\DataSets\req\1999 - tcs.pdf",".pdf","588229"
"C:\Users\shero\OneDrive - Sri Lanka Institute of Information Technology\Research Project\DataSets\req\2000 - nasa x38.doc",".doc","922112"
"C:\Users\shero\OneDrive - Sri Lanka Institute of Information Technology\Research Project\DataSets\req\2001 - beyond.pdf",".pdf","604084"
"C:\Users\shero\OneDrive - Sri Lanka Institute of Information Technology\Research Project\DataSets\req\2001 - ctc network.pdf",".pdf","277703"
"C:\Users\shero\OneDrive - Sri Lanka Institute of Information Technology\Research Project\DataSets\req\2001 - elsfork.pdf",".pdf","950557"
"C:\Users\shero\OneDrive - Sri Lanka Institute of Information Technology\Research Project\DataSets\req\2001 - esa.pdf",".pdf","102821"
"C:\Users\shero\OneDrive - Sri Lanka Institute of Information Technology\Research Project\DataSets\req\2001 - hats.pdf",".pdf","377900"
"C:\Users\shero\OneDrive - Sri Lanka Institute of Information Technology\Research Project\DataSets\req\2001 - libra.doc",".doc","92672"
"C:\Users\shero\OneDrive - Sri Lanka Institute of Information Technology\Research Project\DataSets\req\2001 - npac.doc",".doc","2618368"
"C:\Users\shero\OneDrive - Sri Lanka Institute of Information Technology\Research Project\DataSets\req\2001 - space fractions.pdf",".pdf","103193"
"C:\Users\shero\OneDrive - Sri Lanka Institute of Information Technology\Research Project\DataSets\req\2001 - telescope.pdf",".pdf","701945"
"C:\Users\shero\OneDrive - Sri Lanka Institute of Information Technology\Research Project\DataSets\req\2002 - evla back.pdf",".pdf","247337"
"C:\Users\shero\OneDrive - Sri Lanka Institute of Information Technology\Research Project\DataSets\req\2002 - evla corr.pdf",".pdf","57698"
"C:\Users\shero\OneDrive - Sri Lanka Institute of Information Technology\Research Project\DataSets\req\2002 - sce api.pdf",".pdf","746386"
"C:\Users\shero\OneDrive - Sri Lanka Institute of Information Technology\Research Project\DataSets\req\2003 - agentmom.pdf",".pdf","28814"
"C:\Users\shero\OneDrive - Sri Lanka Institute of Information Technology\Research Project\DataSets\req\2003 - pnnl.pdf",".pdf","1668868"
"C:\Users\shero\OneDrive - Sri Lanka Institute of Information Technology\Research Project\DataSets\req\2003 - qheadache.pdf",".pdf","72966"
"C:\Users\shero\OneDrive - Sri Lanka Institute of Information Technology\Research Project\DataSets\req\2003 - tachonet.pdf",".pdf","366464"
"C:\Users\shero\OneDrive - Sri Lanka Institute of Information Technology\Research Project\DataSets\req\2004 - colorcast.pdf",".pdf","77602"
"C:\Users\shero\OneDrive - Sri Lanka Institute of Information Technology\Research Project\DataSets\req\2004 - e-procurement.rtf",".rtf","1197411"
"C:\Users\shero\OneDrive - Sri Lanka Institute of Information Technology\Research Project\DataSets\req\2004 - grid bgc.pdf",".pdf","124522"
"C:\Users\shero\OneDrive - Sri Lanka Institute of Information Technology\Research Project\DataSets\req\2004 - ijis.doc",".doc","230400"
"C:\Users\shero\OneDrive - Sri Lanka Institute of Information Technology\Research Project\DataSets\req\2004 - jse.doc",".doc","692224"
"C:\Users\shero\OneDrive - Sri Lanka Institute of Information Technology\Research Project\DataSets\req\2004 - philips.doc",".doc","214528"
"C:\Users\shero\OneDrive - Sri Lanka Institute of Information Technology\Research Project\DataSets\req\2004 - rlcs.pdf",".pdf","598933"
"C:\Users\shero\OneDrive - Sri Lanka Institute of Information Technology\Research Project\DataSets\req\2004 - sprat.pdf",".pdf","362599"
"C:\Users\shero\OneDrive - Sri Lanka Institute of Information Technology\Research Project\DataSets\req\2004 - watcom gui.pdf",".pdf","828896"
"C:\Users\shero\OneDrive - Sri Lanka Institute of Information Technology\Research Project\DataSets\req\2004 - watcom.pdf",".pdf","801604"
"C:\Users\shero\OneDrive - Sri Lanka Institute of Information Technology\Research Project\DataSets\req\2005 - clarus high.doc",".doc","1021952"
"C:\Users\shero\OneDrive - Sri Lanka Institute of Information Technology\Research Project\DataSets\req\2005 - clarus low.pdf",".pdf","664919"
"C:\Users\shero\OneDrive - Sri Lanka Institute of Information Technology\Research Project\DataSets\req\2005 - grid 3D.pdf",".pdf","164056"
"C:\Users\shero\OneDrive - Sri Lanka Institute of Information Technology\Research Project\DataSets\req\2005 - microcare.pdf",".pdf","639507"
"C:\Users\shero\OneDrive - Sri Lanka Institute of Information Technology\Research Project\DataSets\req\2005 - nenios.html",".html","116136"
"C:\Users\shero\OneDrive - Sri Lanka Institute of Information Technology\Research Project\DataSets\req\2005 - phin.pdf",".pdf","134701"
"C:\Users\shero\OneDrive - Sri Lanka Institute of Information Technology\Research Project\DataSets\req\2005 - pontis.pdf",".pdf","2702800"
"C:\Users\shero\OneDrive - Sri Lanka Institute of Information Technology\Research Project\DataSets\req\2005 - triangle.pdf",".pdf","111158"
"C:\Users\shero\OneDrive - Sri Lanka Institute of Information Technology\Research Project\DataSets\req\2005 - znix.pdf",".pdf","157806"
"C:\Users\shero\OneDrive - Sri Lanka Institute of Information Technology\Research Project\DataSets\req\2006 - eirene sys 15.pdf",".pdf","889601"
"C:\Users\shero\OneDrive - Sri Lanka Institute of Information Technology\Research Project\DataSets\req\2006 - stewards.pdf",".pdf","431631"
"C:\Users\shero\OneDrive - Sri Lanka Institute of Information Technology\Research Project\DataSets\req\2007 - central trading system.pdf",".pdf","186273"
"C:\Users\shero\OneDrive - Sri Lanka Institute of Information Technology\Research Project\DataSets\req\2007 - e-store.doc",".doc","105472"
"C:\Users\shero\OneDrive - Sri Lanka Institute of Information Technology\Research Project\DataSets\req\2007 - eirene fun 7.pdf",".pdf","393868"
"C:\Users\shero\OneDrive - Sri Lanka Institute of Information Technology\Research Project\DataSets\req\2007 - ertms.pdf",".pdf","193210"
"C:\Users\shero\OneDrive - Sri Lanka Institute of Information Technology\Research Project\DataSets\req\2007 - get real 0.2.pdf",".pdf","39711"
"C:\Users\shero\OneDrive - Sri Lanka Institute of Information Technology\Research Project\DataSets\req\2007 - mdot.pdf",".pdf","515595"
"C:\Users\shero\OneDrive - Sri Lanka Institute of Information Technology\Research Project\DataSets\req\2007 - nde.pdf",".pdf","376618"
"C:\Users\shero\OneDrive - Sri Lanka Institute of Information Technology\Research Project\DataSets\req\2007 - nlm.doc",".doc","3478016"
"C:\Users\shero\OneDrive - Sri Lanka Institute of Information Technology\Research Project\DataSets\req\2007 - puget sound.pdf",".pdf","686573"
"C:\Users\shero\OneDrive - Sri Lanka Institute of Information Technology\Research Project\DataSets\req\2007 - water use.pdf",".pdf","201046"
"C:\Users\shero\OneDrive - Sri Lanka Institute of Information Technology\Research Project\DataSets\req\2008 - caiso.pdf",".pdf","141978"
"C:\Users\shero\OneDrive - Sri Lanka Institute of Information Technology\Research Project\DataSets\req\2008 - keepass.pdf",".pdf","118767"
"C:\Users\shero\OneDrive - Sri Lanka Institute of Information Technology\Research Project\DataSets\req\2008 - peering.pdf",".pdf","1554816"
"C:\Users\shero\OneDrive - Sri Lanka Institute of Information Technology\Research Project\DataSets\req\2008 - viper.doc",".doc","1979904"
"C:\Users\shero\OneDrive - Sri Lanka Institute of Information Technology\Research Project\DataSets\req\2008 - virtual ed.doc",".doc","692736"
"C:\Users\shero\OneDrive - Sri Lanka Institute of Information Technology\Research Project\DataSets\req\2008 - vub.pdf",".pdf","220333"
"C:\Users\shero\OneDrive - Sri Lanka Institute of Information Technology\Research Project\DataSets\req\2009 - email.pdf",".pdf","113292"
"C:\Users\shero\OneDrive - Sri Lanka Institute of Information Technology\Research Project\DataSets\req\2009 - gaia.pdf",".pdf","432080"
"C:\Users\shero\OneDrive - Sri Lanka Institute of Information Technology\Research Project\DataSets\req\2009 - inventory 2.0.pdf",".pdf","918592"
"C:\Users\shero\OneDrive - Sri Lanka Institute of Information Technology\Research Project\DataSets\req\2009 - library.doc",".doc","100864"
"C:\Users\shero\OneDrive - Sri Lanka Institute of Information Technology\Research Project\DataSets\req\2009 - library.pdf",".pdf","120402"
"C:\Users\shero\OneDrive - Sri Lanka Institute of Information Technology\Research Project\DataSets\req\2009 - model manager.pdf",".pdf","51864"
"C:\Users\shero\OneDrive - Sri Lanka Institute of Information Technology\Research Project\DataSets\req\2009 - peazip.pdf",".pdf","789186"
"C:\Users\shero\OneDrive - Sri Lanka Institute of Information Technology\Research Project\DataSets\req\2009 - peppol.pdf",".pdf","2114776"
"C:\Users\shero\OneDrive - Sri Lanka Institute of Information Technology\Research Project\DataSets\req\2009 - video search.pdf",".pdf","80130"
"C:\Users\shero\OneDrive - Sri Lanka Institute of Information Technology\Research Project\DataSets\req\2009 - warc III.pdf",".pdf","549220"
"C:\Users\shero\OneDrive - Sri Lanka Institute of Information Technology\Research Project\DataSets\req\2010 - blit draft.pdf",".pdf","277514"
"C:\Users\shero\OneDrive - Sri Lanka Institute of Information Technology\Research Project\DataSets\req\2010 - fishing.pdf",".pdf","427907"
"C:\Users\shero\OneDrive - Sri Lanka Institute of Information Technology\Research Project\DataSets\req\2010 - gparted.pdf",".pdf","1424942"
"C:\Users\shero\OneDrive - Sri Lanka Institute of Information Technology\Research Project\DataSets\req\2010 - home 1.3.pdf",".pdf","132705"
"C:\Users\shero\OneDrive - Sri Lanka Institute of Information Technology\Research Project\DataSets\req\2010 - mashboot.pdf",".pdf","573961"
"C:\Users\shero\OneDrive - Sri Lanka Institute of Information Technology\Research Project\DataSets\req\2010 - split merge.pdf",".pdf","2918527"
"C:\Users\shero\OneDrive - Sri Lanka Institute of Information Technology\Research Project\DataSets\req\2011 - opensg 0.1.doc",".doc","470528"
"C:\Users\shero\OneDrive - Sri Lanka Institute of Information Technology\Research Project\DataSets\Requirements data sets (user stories)\g02-federalspending.txt",".txt","11235"
"C:\Users\shero\OneDrive - Sri Lanka Institute of Information Technology\Research Project\DataSets\Requirements data sets (user stories)\g03-loudoun.txt",".txt","9156"
"C:\Users\shero\OneDrive - Sri Lanka Institute of Information Technology\Research Project\DataSets\Requirements data sets (user stories)\g04-recycling.txt",".txt","6669"
"C:\Users\shero\OneDrive - Sri Lanka Institute of Information Technology\Research Project\DataSets\Requirements data sets (user stories)\g05-openspending.txt",".txt","8718"
"C:\Users\shero\OneDrive - Sri Lanka Institute of Information Technology\Research Project\DataSets\Requirements data sets (user stories)\g08-frictionless.txt",".txt","9695"
"C:\Users\shero\OneDrive - Sri Lanka Institute of Information Technology\Research Project\DataSets\Requirements data sets (user stories)\g10-scrumalliance.txt",".txt","13032"
"C:\Users\shero\OneDrive - Sri Lanka Institute of Information Technology\Research Project\DataSets\Requirements data sets (user stories)\g11-nsf.txt",".txt","9552"
"C:\Users\shero\OneDrive - Sri Lanka Institute of Information Technology\Research Project\DataSets\Requirements data sets (user stories)\g12-camperplus.txt",".txt","7193"
"C:\Users\shero\OneDrive - Sri Lanka Institute of Information Technology\Research Project\DataSets\Requirements data sets (user stories)\g13-planningpoker.txt",".txt","7580"
"C:\Users\shero\OneDrive - Sri Lanka Institute of Information Technology\Research Project\DataSets\Requirements data sets (user stories)\g14-datahub.txt",".txt","9441"
"C:\Users\shero\OneDrive - Sri Lanka Institute of Information Technology\Research Project\DataSets\Requirements data sets (user stories)\g16-mis.txt",".txt","9001"
"C:\Users\shero\OneDrive - Sri Lanka Institute of Information Technology\Research Project\DataSets\Requirements data sets (user stories)\g17-cask.txt",".txt","8794"
"C:\Users\shero\OneDrive - Sri Lanka Institute of Information Technology\Research Project\DataSets\Requirements data sets (user stories)\g18-neurohub.txt",".txt","11958"
"C:\Users\shero\OneDrive - Sri Lanka Institute of Information Technology\Research Project\DataSets\Requirements data sets (user stories)\g19-alfred.txt",".txt","13272"
"C:\Users\shero\OneDrive - Sri Lanka Institute of Information Technology\Research Project\DataSets\Requirements data sets (user stories)\g21-badcamp.txt",".txt","10263"
"C:\Users\shero\OneDrive - Sri Lanka Institute of Information Technology\Research Project\DataSets\Requirements data sets (user stories)\g22-rdadmp.txt",".txt","12210"
"C:\Users\shero\OneDrive - Sri Lanka Institute of Information Technology\Research Project\DataSets\Requirements data sets (user stories)\g23-archivesspace.txt",".txt","4987"
"C:\Users\shero\OneDrive - Sri Lanka Institute of Information Technology\Research Project\DataSets\Requirements data sets (user stories)\g24-unibath.txt",".txt","8270"
"C:\Users\shero\OneDrive - Sri Lanka Institute of Information Technology\Research Project\DataSets\Requirements data sets (user stories)\g25-duraspace.txt",".txt","11612"
"C:\Users\shero\OneDrive - Sri Lanka Institute of Information Technology\Research Project\DataSets\Requirements data sets (user stories)\g26-racdam.txt",".txt","11779"
"C:\Users\shero\OneDrive - Sri Lanka Institute of Information Technology\Research Project\DataSets\Requirements data sets (user stories)\g27-culrepo.txt",".txt","19389"
"C:\Users\shero\OneDrive - Sri Lanka Institute of Information Technology\Research Project\DataSets\Requirements data sets (user stories)\g28-zooniverse.txt",".txt","6241"
"C:\Users\shero\OneDrive - Sri Lanka Institute of Information Technology\Research Project\DataSets\User Story Ambiguity Dataset A Comprehensive Resea\Cornelius_2025_user_story_ambiguity_dataset.xlsx",".xlsx","1420781"
"C:\Users\shero\OneDrive - Sri Lanka Institute of Information Technology\Research Project\DataSets\User Story Ambiguity Dataset A Comprehensive Resea\Cornelius_research_subsets.xlsx",".xlsx","1555001"
"C:\Users\shero\OneDrive - Sri Lanka Institute of Information Technology\Research Project\DataSets\User Story Ambiguity Dataset A Comprehensive Resea\Cornelius_user_story_data_dictionary.xlsx",".xlsx","9459"
