"Folder","FileCount"
"","4"
"archive (1)","2"
"ARTADataset_release1\Datasets","5"
"ARTADataset_release1\DS1_Evaluation","6"
"ARTADataset_release1\DS1_Evaluation\smells","3"
"ARTADataset_release1\DS1_Evaluation\testability","8"
"comparison_datasets\1_real_life_reqs","4"
"comparison_datasets\2_synthetic_reqs","3"
"comparison_datasets\2_synthetic_reqs\raw_chat\basic","5"
"comparison_datasets\2_synthetic_reqs\raw_chat\context","5"
"comparison_datasets\2_synthetic_reqs\raw_chat\context_role","5"
"comparison_datasets\3_generic_text","1"
"nfr","2"
"nfr\P(1-10)_NFR_FR_trace","10"
"req","79"
"Requirements data sets (user stories)","22"
"User Story Ambiguity Dataset A Comprehensive Resea","3"
