file,non_empty_lines,user_story_style_lines,other_lines
g02-federalspending.txt,98,97,1
g03-loudoun.txt,58,58,0
g04-recycling.txt,51,51,0
g05-openspending.txt,53,53,0
g08-frictionless.txt,66,66,0
g10-scrumalliance.txt,97,94,3
g11-nsf.txt,73,73,0
g12-camperplus.txt,55,54,1
g13-planningpoker.txt,53,53,0
g14-datahub.txt,67,67,0
g16-mis.txt,68,65,3
g17-cask.txt,64,64,0
g18-neurohub.txt,102,101,1
g19-alfred.txt,138,138,0
g21-badcamp.txt,69,69,0
g22-rdadmp.txt,83,83,0
g23-archivesspace.txt,57,55,2
g24-unibath.txt,53,53,0
g25-duraspace.txt,100,98,2
g26-racdam.txt,100,100,0
g27-culrepo.txt,115,115,0
g28-zooniverse.txt,60,60,0
