source_file,line_number,requirement_text,normalized_text,starts_with_as_a_or_an,normalized_occurrences
g02-federalspending.txt,5,"As a UI designer, I want to move on to round 2 of Homepage edits, so that I can get approvals from leadership.",as a ui designer i want to move on to round 2 of homepage edits so that i can get approvals from leadership,True,2
g02-federalspending.txt,11,"As a UI designer, I want to move on to round 2 of Homepage edits, so that I can get approvals from leadership.",as a ui designer i want to move on to round 2 of homepage edits so that i can get approvals from leadership,True,2
g02-federalspending.txt,19,"As a user, I want to access the raw agency published files from FABS via USAspending.",as a user i want to access the raw agency published files from fabs via usaspending,True,2
g02-federalspending.txt,20,"As an Agency user, I want to be able to include a large number of flexfields without performance impact.",as an agency user i want to be able to include a large number of flexfields without performance impact,True,2
g02-federalspending.txt,30,"As an Agency user, I want to be able to include a large number of flexfields without performance impact.",as an agency user i want to be able to include a large number of flexfields without performance impact,True,2
g02-federalspending.txt,62,"As a user, I want to access the raw agency published files from FABS via USAspending.",as a user i want to access the raw agency published files from fabs via usaspending,True,2
g03-loudoun.txt,45,"As an Applicant, I want to Complete Building Development Project, so that I can receive any posted bond and/or obtain occupancy.",as an applicant i want to complete building development project so that i can receive any posted bond and or obtain occupancy,True,2
g03-loudoun.txt,46,"As an Applicant, I want to Complete Building Development Project, so that I can receive any posted bond and/or obtain occupancy.",as an applicant i want to complete building development project so that i can receive any posted bond and or obtain occupancy,True,2
g12-camperplus.txt,49,"As a camp worker, I want to be able to see which campers I am in charge of and where, so that I can make sure I am doing my job properly.",as a camp worker i want to be able to see which campers i am in charge of and where so that i can make sure i am doing my job properly,True,2
g12-camperplus.txt,54,"As a camp worker, I want to be able to see which campers I am in charge of and where, so that I can make sure I am doing my job properly.",as a camp worker i want to be able to see which campers i am in charge of and where so that i can make sure i am doing my job properly,True,2
g19-alfred.txt,137,"As a developer, I want to have the ALFRED API to reduce the work to achieve my goals.",as a developer i want to have the alfred api to reduce the work to achieve my goals,True,2
g19-alfred.txt,138,"As a developer, I want to have the ALFRED API to reduce the work to achieve my goals.",as a developer i want to have the alfred api to reduce the work to achieve my goals,True,2
g27-culrepo.txt,107,"As a data curator, I want to upload a new version of an item that has changed, while still allowing old versions to be accessed.",as a data curator i want to upload a new version of an item that has changed while still allowing old versions to be accessed,True,2
g27-culrepo.txt,115,"As a data curator, I want to upload a new version of an item that has changed, while still allowing old versions to be accessed.",as a data curator i want to upload a new version of an item that has changed while still allowing old versions to be accessed,True,2
